id,name,year_published,image_url,source,source_url,source_notes
b14370de-0c45-4719-a5aa-70618025220a,12 Thieves,2006,https://cf.geekdo-images.com/AYHhIzq4b-Zl1_meiahlIQ__original/img/E2J4xAwFwc754FLaE6Pktrk5TaE=/0x0/filters:format(jpeg)/pic3389017.jpg,wikidata,https://www.wikidata.org/wiki/Q1192929,
6f592add-b356-4193-9b68-069c94f881ae,"'Wacht am Rhein': The Battle of the Bulge, 16 Dec 44 – 2 Jan 45",1977,https://cf.geekdo-images.com/gh5KSCYW2tzAOhp_Rsn7SQ__original/img/6teOqprHhhf9neCbv9DrGGKR8Es=/0x0/filters:format(jpeg)/pic296094.jpg,wikidata,https://www.wikidata.org/wiki/Q106771100,
9319ff03-3b6b-404a-b349-69931bad2f5d,1835,1990,https://cf.geekdo-images.com/7UvvhAg807X1ITyIRALfag__original/img/1Vu52eKoaONv177opE7uJzwmqE8=/0x0/filters:format(jpeg)/pic202312.jpg,wikidata,https://www.wikidata.org/wiki/Q201493,
643a82eb-9051-48c6-a7b2-4e431964607f,10 Days in Asia,2007,https://cf.geekdo-images.com/C-cEAO5M-EwmlGXWKibgPQ__original/img/qYdnFXDZ9d9hd4R0z0aQdVeFkKw=/0x0/filters:format(jpeg)/pic1229653.jpg,wikidata,https://www.wikidata.org/wiki/Q11956023,
c56f3b32-2a42-4aac-93d8-db1196c515bf,1754: Conquest – The French and Indian War,2017,https://cf.geekdo-images.com/MheZa6k2dJUwZYbuVMUn2A__original/img/mXNQ7fPF49qrl6M0IQoTUgrHw5o=/0x0/filters:format(jpeg)/pic3281478.jpg,wikidata,https://www.wikidata.org/wiki/Q42575904,
6c0c30bd-c538-4085-a6ca-7a107481ae78,1775: Rebellion,2013,https://cf.geekdo-images.com/rTKzRG0b8CtQWYqmCC353w__original/img/Qvg98VUzuZQZsRtE4sgn5dDSokE=/0x0/filters:format(jpeg)/pic1386705.jpg,wikidata,https://www.wikidata.org/wiki/Q42576062,
90bcee5c-dcc2-41f7-83a4-b8576e937e72,Ruins,2025,https://cf.geekdo-images.com/oBvx0LBSv-_cACGZOK_J9Q__original/img/mYGruduMYG7wRAjhXbnQIclGQ34=/0x0/filters:format(jpeg)/pic8426382.jpg,legacy_unknown,,
1703cc8a-d850-4ffc-86b9-372b337f8283,Andean Abyss,2012,https://cf.geekdo-images.com/MB8ou4M0PrsBAxADi4EAXQ__original/img/yzWulDyc8Gv7Bort8AWe1o5XusE=/0x0/filters:format(jpeg)/pic1381149.jpg,legacy_unknown,,
3bebe494-4bcb-4be5-840e-6de2f023a9c1,None of a Kind,2011,https://cf.geekdo-images.com/lhmnfa8Z_NdSA4eVCT73Xg__original/img/3Vc6QGk5T5ngqtPSxcD4xPbwixQ=/0x0/filters:format(png)/pic5518214.png,legacy_unknown,,
764922f9-bc84-4a25-9745-ec7fb316a728,Eye Found It: Journey Through Time,2015,https://cf.geekdo-images.com/OdoPcCZNgqmD2VGZpr7pTg__original/img/cv8GMu_2JGlHM_Bqr1O8VCj8lAg=/0x0/filters:format(jpeg)/pic2843053.jpg,legacy_unknown,,
c224cb9e-2127-4105-924c-906ee60102e4,1989: Dawn of Freedom,2012,https://cf.geekdo-images.com/OvhsKPiEWV-GbSRkrxnBGQ__original/img/w7uKFrdeT8ZQz8_lnHIbWn3M_28=/0x0/filters:format(jpeg)/pic5281358.jpg,wikidata,https://www.wikidata.org/wiki/Q42576328,
5b1af7f6-7808-433e-a43c-f243374fd6cd,3 Chapters,2024,https://cf.geekdo-images.com/es3F2drfUOIVnqsTds3BDQ__original/img/aagzL4ORPemw2xi3FL4575gKYhA=/0x0/filters:format(png)/pic8940639.png,wikidata,https://www.wikidata.org/wiki/Q133810374,
32a233b5-d391-4e47-bab1-8f7bf309ae56,Rhino Hero,2011,https://cf.geekdo-images.com/jRg6horhSAWDITN_tSJuhg__original/img/Y2EbbSt0UAbMy2EZKepbai-XwaY=/0x0/filters:format(jpeg)/pic6974609.jpg,legacy_unknown,,
b8c1d2b8-f9b2-4c4f-b0a5-8d68e9d8d5d0,3 Stones,2000,https://cf.geekdo-images.com/xVDg1fse8mTCUOLaGp1mJg__original/img/Roz69zpnZhtbLFp4VFlyO-3ssRE=/0x0/filters:format(jpeg)/pic134063.jpg,wikidata,https://www.wikidata.org/wiki/Q9382166,
766bfbe8-90be-4fea-82ec-8eb016221c3f,Stop Thief,1979,https://cf.geekdo-images.com/M7wX9qgpEsU73vkYsi6gxw__original/img/9svvLxZSM5zpQmj0HuQQ1VxUjto=/0x0/filters:format(jpeg)/pic4002543.jpg,legacy_unknown,,
0f860dde-f9a8-4b1e-8a43-164330bb3588,30 Seconds,2002,https://cf.geekdo-images.com/Za8B74DXqXJz9GUblXK4Zw__original/img/eYOewI6eMb3XGJQy8TbfVjeea7w=/0x0/filters:format(jpeg)/pic306797.jpg,wikidata,https://www.wikidata.org/wiki/Q4634529,
95bfc638-7b77-4e80-aa75-a4ca936de1fa,Shikoku 1889,2004,https://cf.geekdo-images.com/KWzepkM_pNKLOCdDDJLg0g__original/img/gTkkZV8qMZ2p4IxzFBVqnOeCb0w=/0x0/filters:format(jpeg)/pic6535570.jpg,legacy_unknown,,
b10fcdea-176c-4dc1-bf08-f43abb154f4b,10 Days in Europe,2002,https://cf.geekdo-images.com/7jXx06W2pr66YKWrZ7Dywg__original/img/ylUIeQ-GifItuTGgLWGWhyA1cus=/0x0/filters:format(png)/pic4895073.png,wikidata,https://www.wikidata.org/wiki/Q21585664,
47de4712-7f9b-4bd3-b719-8afd5710e871,Mondo,2011,https://cf.geekdo-images.com/DZiHZK3RAcM_kgfwJ8qPgg__original/img/-5dMxJCk88P3StBpQvBxK7CDSAA=/0x0/filters:format(jpeg)/pic1458279.jpg,legacy_unknown,,
71a2476c-8bf5-4f69-844a-62645a789069,Steam Works,2015,https://cf.geekdo-images.com/YsaLNwWdCBudNGtVcrsE6A__original/img/oWt8Edp37_hOzGTAIMQo1savH9U=/0x0/filters:format(png)/pic2495378.png,legacy_unknown,,
6a64b694-a45d-428e-849c-7f2f22f0ceb9,Boss Monster 2: The Next Level,2015,https://cf.geekdo-images.com/HLuhiyNmAMbMkta8qz_QlQ__original/img/p120ZgPrE1dyyhd50Cxh2etTQ_0=/0x0/filters:format(jpeg)/pic2451609.jpg,legacy_unknown,,
a7b0afc3-2a84-4039-8b88-5b378b704757,10 Days in the USA,2003,https://cf.geekdo-images.com/VM1bHHwUGN4J8CLpdP3dwg__original/img/3PyeNx4ZzBi70paE78Ija7ZKMeI=/0x0/filters:format(jpeg)/pic8002627.jpg,wikidata,https://www.wikidata.org/wiki/Q11956023,
0ca44cb0-b029-4145-b9c7-adcb28361918,Cities,,https://via.placeholder.com/800x600?text=Board+Game,legacy_unknown,,
45f1f346-aaa7-4683-8cbe-3aa40d62e5e2,Battleground: Crossbows & Catapults,2007,https://cf.geekdo-images.com/vbWhXsB-FHNxJWrUAFEjTg__original/img/8uloGSG6JWBVkGV6TAEw4oDsrY0=/0x0/filters:format(jpeg)/pic231219.jpg,legacy_unknown,,
b697c907-c9e4-48c3-aab8-2cbc26e88dd3,Djam,2011,https://cf.geekdo-images.com/nscf9dVUgAsuMIlZN7XXIg__original/img/mx00JJDYD1lSIWi-piXJytz7Sx4=/0x0/filters:format(png)/pic919537.png,legacy_unknown,,
4a98e646-fad0-4939-81e4-5d58d8739319,Mr. Jack in New York,2009,https://cf.geekdo-images.com/evu5RaD6Msa1sE92Qi2E6Q__original/img/n4IgxCWG5Y17G9C2GMAviqprfco=/0x0/filters:format(jpeg)/pic6505210.jpg,legacy_unknown,,
7635a5c1-76fb-421d-812a-29ec6cb56d66,Alice's Garden,2020,https://cf.geekdo-images.com/JhLSvQu1cOBg4Dg5l3BgHw__original/img/mk1IkndkEo9ZA5nm4RumY9lBiCI=/0x0/filters:format(jpeg)/pic5177326.jpg,legacy_unknown,,
78fd17a2-bc74-49e0-af60-7b363b119047,Hexenstich,1994,https://cf.geekdo-images.com/g4S2PWliwQvxH9waVHIglQ__original/img/-kFMduKHuDkANmSxH61HdTZoY3U=/0x0/filters:format(jpeg)/pic238562.jpg,legacy_unknown,,
8f58e745-a669-4353-abbe-73ef58785782,"Barbarossa: Army Group South, 1941",1996,https://cf.geekdo-images.com/ArA2-HjleshHYd6jfeKPaQ__original/img/5ypojSrmy3DK3l8x0NaclinIuE0=/0x0/filters:format(jpeg)/pic44343.jpg,legacy_unknown,,
8f822caa-0bd4-436b-96eb-1c0519b9c3b3,Hunt A Killer: Murder at the Motel,2021,https://cf.geekdo-images.com/hVogCnNzWr1f6gfNqVfetw__original/img/a3s5DjQdt68-VjfPWbec9PtM7TI=/0x0/filters:format(jpeg)/pic6256055.jpg,legacy_unknown,,
1f9e6c02-7cdf-48d1-a75d-2e98a4d006ab,Castle Flutterstone,2016,https://cf.geekdo-images.com/x5v0nqZ8Xwyyk8m2lXlqKA__original/img/EX75-qsZaX2doIXTnIXgTQ3sqNo=/0x0/filters:format(jpeg)/pic3048413.jpg,legacy_unknown,,
9399d122-8988-4d70-94f5-acf43428b39a,Spy Guy,2022,https://cf.geekdo-images.com/gMnp70rUICtCs9S86-RWlQ__original/img/ysrMhKheWyHJHN3_oTSQoksnRgk=/0x0/filters:format(png)/pic7052958.png,legacy_unknown,,
7b9306cf-b608-4a67-841f-2406d4d66041,Level 7 [Omega Protocol],2013,https://cf.geekdo-images.com/5pEU4NzNwExXBDUUwn1fDg__original/img/HJh2mLew0iMFJLQH0ZR3B0F-7Jw=/0x0/filters:format(jpeg)/pic7002084.jpg,legacy_unknown,,
b08c895e-9b80-4b9e-8117-a21ea2d1d6b5,Imperial Struggle,2020,https://cf.geekdo-images.com/FTE7dxVd4jQaIwwRcCQcRw__original/img/u10ruUkKuaXP9f2ZAswX9R9r9hM=/0x0/filters:format(jpeg)/pic5291148.jpg,legacy_unknown,,
9ce12958-74a4-433a-879a-73a4dbbedc0a,Orloj: The Prague Astronomical Clock,2025,https://cf.geekdo-images.com/PhwbD--vP0xEdMD-WZlZTA__original/img/nqliFXBHqzHE-QR6Zg0CgcB2n-c=/0x0/filters:format(png)/pic8685899.png,legacy_unknown,,
46c69784-b978-4c5c-9811-b54f55789ad7,Memoir '44,2004,https://cf.geekdo-images.com/Ij9Zpnx1jVmtLtBD3DvLXQ__original/img/S5OMoCGqlYwZQWcnYRUvVmap2NE=/0x0/filters:format(png)/pic9000036.png,legacy_unknown,,
27324c9a-d92c-4e61-9bfc-0ff5372dae53,Lords of Waterdeep,2012,https://cf.geekdo-images.com/-hk8f8iGk_DyWyMrfiPBkg__original/img/GWNOhno3y7g0XE00VacKaRxoczk=/0x0/filters:format(jpeg)/pic1116080.jpg,legacy_unknown,,
b00fda5c-1e9b-40d7-9941-558bc73e7dfe,Arkwright: The Card Game,2021,https://cf.geekdo-images.com/8idwh3TfQ5FWGaMExD5HRw__original/img/B1k6WF1u1t4JFMLfF4BgTsAlvuI=/0x0/filters:format(jpeg)/pic5408665.jpg,legacy_unknown,,
f94446c8-6235-400d-a50b-fc10134abfd0,Commands & Colors: Napoleonics,2010,https://cf.geekdo-images.com/eVEF5fs8D22b0Bwj17mNgQ__original/img/C8DqUA3sh-p_RR9XL4RweCarLRM=/0x0/filters:format(jpeg)/pic837162.jpg,legacy_unknown,,
8f22d6a5-4fcc-4d8f-b0ad-b4c66d8ea155,7 Ages,2004,https://cf.geekdo-images.com/Kuwf88Na5ts58wYXzncRaA__original/img/u9ml7efxeBLz1BsC8R3au4o5t6c=/0x0/filters:format(jpeg)/pic670488.jpg,legacy_unknown,,
b9f8641b-7311-4459-8fa8-56f3ecbba7dd,Dark Moon,2011,https://cf.geekdo-images.com/BhDoxSC8IqhbMRclci76gA__original/img/vv4Kc2-MElXZ9XOovyZNIK8Jlns=/0x0/filters:format(jpeg)/pic2320134.jpg,legacy_unknown,,
99350368-6eea-47b2-9f15-dbb49fb167e7,Mutant Year Zero: Zone Wars,2024,https://cf.geekdo-images.com/x4ad4l5EGsDvCji_G8RFPg__original/img/mXv2V4rhkNmORgFAp5leXKFtr6M=/0x0/filters:format(jpeg)/pic7168492.jpg,legacy_unknown,,
79927cc5-b6a4-4c3b-9b31-d24e737da766,Hands Up,2002,https://cf.geekdo-images.com/AwvrPCvxr5LOJCyoPirM1w__original/img/T6tuale19vPXBuMqifBWQ_6mtQE=/0x0/filters:format(jpeg)/pic998907.jpg,legacy_unknown,,
2d330672-f248-4079-8b56-bab1059a5d48,Komodo,2012,https://cf.geekdo-images.com/dgaRvaxKKXTgUm51UthTmQ__original/img/lu8RyTWC3xti8NbC4bPwABRw5Ao=/0x0/filters:format(jpeg)/pic6713136.jpg,legacy_unknown,,
79ccf267-c056-4f32-b5db-d16c326af819,Blocky Mountains,2014,https://cf.geekdo-images.com/j1LnShMXfJJ4EwCdL49i-Q__original/img/EBKY7qcMDLmzGMYFVXPJ3iUTntg=/0x0/filters:format(jpeg)/pic1967839.jpg,legacy_unknown,,
1e635ab9-aa84-427f-bc89-9c9cb9d1c6e8,Tiny Epic Quest,2017,https://cf.geekdo-images.com/Cd65qIFLnJlkWTfbKDk_FA__original/img/k-346D8FwQe_GUwi40trFGjD7JM=/0x0/filters:format(jpeg)/pic3120755.jpg,legacy_unknown,,
dae602d2-2b82-44fa-8a23-68d69ec989d1,7Seas,2022,https://cf.geekdo-images.com/HBPxd84sy99Aj1nzgkaRxw__original/img/cgbtHmY722G-s-u-Adtjh3X33b0=/0x0/filters:format(jpeg)/pic6655156.jpg,legacy_unknown,,
0cea0dad-6dc2-4532-90d1-26c042551b8d,Snake Oil,2010,https://cf.geekdo-images.com/q-Sdv383LKSBIPOrSRb5Cg__original/img/_GNdgmgIOZH657Cmh9ETKxyUqm4=/0x0/filters:format(jpeg)/pic7617053.jpg,legacy_unknown,,
9af130d6-7769-49de-94d0-1280e7d11766,Vuoden Peli Childrens Game of the Year Nomine,2009,https://cf.geekdo-images.com/Je2u5CURO5Z6_sc9Ud6tvw__original/img/btBEEaatfIPiqNWCCWCtQ8GbVzI=/0x0/filters:format(jpeg)/pic579702.jpg,legacy_unknown,,
9cebfce1-d33e-4b2a-ac6e-15154dfbeab0,Kula Kula,1991,https://cf.geekdo-images.com/jDzjCdwCaz5_5DWmFl5zkw__original/img/FiGH3i5l_cMIK5Toxl7xV4V8clU=/0x0/filters:format(jpeg)/pic636969.jpg,legacy_unknown,,
53561d87-ccdf-4398-80e7-bbcb61e88767,Lift Off,2018,https://cf.geekdo-images.com/EBMYmLaPwMfUUaiO90Ozyw__original/img/wmGwmg2OW3-k_vkmzoIdG1T1dTc=/0x0/filters:format(png)/pic4313310.png,legacy_unknown,,
48a73816-fe3b-448f-bbed-eb5cf90a4581,Glasgow,2020,https://cf.geekdo-images.com/jf8tzy1AGz0hXF4_tre32A__original/img/-cPQmUylzHCkpMRh3FBDMrQbh4E=/0x0/filters:format(jpeg)/pic5413002.jpg,legacy_unknown,,
dd0a5ab6-13a0-401f-896c-6ffd76547701,Ramba Samba,2006,https://cf.geekdo-images.com/qOC4Ht3MKKeZEVnrXgww_A__original/img/ZxdegESiLMqkVAd5xRl-eP9Ljn8=/0x0/filters:format(jpeg)/pic378741.jpg,legacy_unknown,,
2a57d1fa-499b-441d-b8ef-8ce753aae4d5,Skyjo,2015,https://cf.geekdo-images.com/NMNeoJY6aU6C2EJz67YEfA__original/img/VR-7OxQlkuNRvSwYg9_M7aUn_zI=/0x0/filters:format(jpeg)/pic4559127.jpg,legacy_unknown,,
9db1a82e-9a2c-43bc-bfec-879d7c02e17b,Pròxima Obertura,2007,https://cf.geekdo-images.com/NSJ6pHiIyIJJAsVk5eZT_Q__original/img/oN94DHKW_plIrJ6pi0FzpuC44og=/0x0/filters:format(jpeg)/pic198706.jpg,legacy_unknown,,
b0018d61-5b20-40c5-ac19-d17981413004,Sherlock Holmes Consulting Detective: The Baker Street Irregulars,2020,https://cf.geekdo-images.com/demwo7nCkIHbUcFohLwfsQ__original/img/rKRPGfBV4dKWehRNWBsEsM3RuWM=/0x0/filters:format(jpeg)/pic5198810.jpg,legacy_unknown,,
9dd86f14-9ec9-44f4-b275-4ba3fc2914d6,Dungeons & Dragons Miniatures Game (Second Edition),2008,https://cf.geekdo-images.com/TeO5UqIuZUxWPrt64xFOaA__original/img/CLL8XkHsapW0k_F1zWEgxCFYsiA=/0x0/filters:format(jpeg)/pic355576.jpg,legacy_unknown,,
1a132c97-f05d-4a9f-989f-9c3ba3e65178,Techno Bowl: Arcade Football Unplugged,2017,https://cf.geekdo-images.com/bBv4KEE47e8TiLbWueD9MQ__original/img/o687RUdOWpwftZuWHIXgpOnFnyk=/0x0/filters:format(jpeg)/pic2918767.jpg,legacy_unknown,,
9e06c9ff-c626-4521-9aa0-a95a326432ca,Opus-Dei: Existence After Religion,2008,https://cf.geekdo-images.com/qtAeqmIV3qOpkg0i-44b6Q__original/img/Q1Na-Yw75PTo1R-KUvAbcZGdizE=/0x0/filters:format(jpeg)/pic464058.jpg,legacy_unknown,,
7af60167-bdae-4371-8a87-014b03577c10,Outnumbered: Improbable Heroes,2021,https://cf.geekdo-images.com/gq_Ed5w1dpJHYiEdlyLw0g__original/img/0W50w-GspNUML14_0JJ9o0kOHkg=/0x0/filters:format(jpeg)/pic5754070.jpg,legacy_unknown,,
283de0b6-c845-4ffa-a865-ab44698df540,The New Zealand Investment Game,,https://cf.geekdo-images.com/Jr2Md-RfHafqv7ca7kESvQ__original/img/aD0cQtHCB5QBSfwvxLMFSVRza4I=/0x0/filters:format(jpeg)/pic2378535.jpg,legacy_unknown,,
95d44058-f76a-4264-8f41-396d2d0d44ff,"Winged Horse: Campaigns in Vietnam, 1965-66",2006,https://cf.geekdo-images.com/zV7BaND4eygrW23ruZKlbg__original/img/xRJLTqgzAw4VG8oa0zURT70pKdI=/0x0/filters:format(jpeg)/pic152718.jpg,legacy_unknown,,
583194c5-f78c-4296-8270-549a498f1c87,Sakura Arms,2016,https://cf.geekdo-images.com/IMslo9J8RnWXQospAjO6Dw__original/img/DPPq9spt37SJlliXpyqKXFVwu_4=/0x0/filters:format(jpeg)/pic3545811.jpg,legacy_unknown,,
7afafe58-552a-488d-8806-3f77656187cd,Street Illegal,2002,https://cf.geekdo-images.com/MVP3qX5uWsMAIw-p3Y2cBQ__original/img/Q7pZYJZhSTW1e32izXr9efbesgQ=/0x0/filters:format(jpeg)/pic93982.jpg,legacy_unknown,,
a113ebc2-5f66-4a5b-aed8-50c0bb1a5777,Abilene,1983,https://cf.geekdo-images.com/55ovACb7a7ezkvYg1bDoyg__original/img/rCDQj1Q3ltSc4f7NIRRR5_u5FXA=/0x0/filters:format(jpeg)/pic147699.jpg,legacy_unknown,,
6d6a53b3-81df-4774-b90c-f650f4fd558c,Diana Jones Award for Excellence in Gaming No,2013,https://cf.geekdo-images.com/Ytnrgdu_QFBo6xY79WC7aA__original/img/8ACjWUFZxuxlYKJu9cX1Hjoigmo=/0x0/filters:format(png)/pic2454364.png,legacy_unknown,,
739c2bc9-fd1d-456a-8271-3fdb5b3c821e,Abandon All Artichokes,2020,https://cf.geekdo-images.com/qwFz_zhMjIxRjgAIx__8WQ__original/img/pxX6W95d3V38ZuynABAtorApTc8=/0x0/filters:format(png)/pic5335069.png,legacy_unknown,,
8b7b5356-c4ae-4072-871f-c0f7261d745f,878 Vikings: Invasions of England,2017,https://cf.geekdo-images.com/YjEcFRuLQ_fpm-00u0DIQA__original/img/JUbzEvwZs65nOjhDGQPqpIJI84s=/0x0/filters:format(jpeg)/pic6421377.jpg,legacy_unknown,,
0ace42f9-1693-4f9c-950a-a01a60e4145b,Deckscape: Escape from Alcatraz,2020,https://cf.geekdo-images.com/M82NQOw2Jzwp_3K_9CUduA__original/img/Nmw5XaUmS1s-DUdS7L3ugD7deqw=/0x0/filters:format(png)/pic5176436.png,legacy_unknown,,
e194dd10-b4d0-4358-a727-e97522f247cc,Age of Empires III: The Age of Discovery,2007,https://cf.geekdo-images.com/t_4cyWZs2IC5s6V8t-R_Uw__original/img/oeo2_Rhha99XiJXG2K28W6J2qjM=/0x0/filters:format(jpeg)/pic990261.jpg,legacy_unknown,,
c2196a99-a2e5-46e8-a45d-b70f9b2e3400,Across 5 Aprils,1992,https://cf.geekdo-images.com/UGRS7fiKNPGzcuysk_zTfg__original/img/zojQJNDN65vZXQ9esq1hnVJLk6Y=/0x0/filters:format(jpeg)/pic292729.jpg,legacy_unknown,,
9e5dffae-db4c-4b9a-895f-5292c1a9b175,Exploding Kittens: Good Vs Evil,2023,https://cf.geekdo-images.com/VwOSk5hqgFJLDPPbX0lqDQ__original/img/hRuMCnc1ltpFnqQwW1mdU1tNzM8=/0x0/filters:format(png)/pic7633899.png,legacy_unknown,,
030b4089-0211-4f0c-9ac5-01e439e71a22,Santa Cruz,2012,https://cf.geekdo-images.com/yto3OwDAuY_FjJ9LfLyb1w__original/img/vk0KtBHpyVdCEWA-x86_oU1qLTM=/0x0/filters:format(jpeg)/pic1241342.jpg,legacy_unknown,,
34f50546-97ce-4981-af8a-529878ee07ea,Scooby-Doo: Escape from the Haunted Mansion,2020,https://cf.geekdo-images.com/h7P6ctyk0ha4rIt8YiriSQ__original/img/k6jFPqkz3bWYd6zMwoexywVOdAU=/0x0/filters:format(jpeg)/pic5239705.jpg,legacy_unknown,,
658d881c-bd8b-4d1f-b2a3-dd3e9a58fd04,Ada Lovelace: Consulting Mathematician,2017,https://cf.geekdo-images.com/lRTHm7jeRr1vD8WAMmvUYQ__original/img/5iFvxvDnO2oIi7zqC6bD8-WsI-w=/0x0/filters:format(jpeg)/pic3804826.jpg,legacy_unknown,,
329092e0-7d3c-41da-aa3c-c2ff78354583,Coimbra,2018,https://cf.geekdo-images.com/JJFHx0RiUBYdy9bHAgVSuA__original/img/zwcZQov_aUfBN0z9J9PzsJqomeI=/0x0/filters:format(jpeg)/pic3956079.jpg,legacy_unknown,,
f0a7def8-a30e-4bb3-b63f-654712184b6a,Advanced Squad Leader: Starter Kit #3,2007,https://cf.geekdo-images.com/Y_JDrY0L6N1PyWzSQM4BTg__original/img/IbBSFYYUEY4viWYYGGfMn-MXY9o=/0x0/filters:format(jpeg)/pic131917.jpg,legacy_unknown,,
21ad6018-f36d-48a5-a086-34657954f777,Orléans: Trade & Intrigue,2016,https://cf.geekdo-images.com/oIkUXEamzeUHHf-Jhow_zg__original/img/2bfq1WL5ILWHI7eDP-YmcHsZ3Pc=/0x0/filters:format(jpeg)/pic6228509.jpg,legacy_unknown,,
bc3a2554-4d9f-42be-aea3-1fcce7858c2f,Juwelenjagd,2011,https://cf.geekdo-images.com/tG0ZYkfSIQHIjhDis0WSHA__original/img/BMIhkuDrnVdqBAI2G_9TTx45mP4=/0x0/filters:format(png)/pic1159498.png,legacy_unknown,,
a12efd1c-f291-4e01-baa9-332b62af2868,Heave Ho!,2002,https://cf.geekdo-images.com/-Dwmt-ovCh74rF1uJeY7dw__original/img/xsM-C5xKu9jOZADHGJNC1PA9IYo=/0x0/filters:format(jpeg)/pic169331.jpg,legacy_unknown,,
6e71bf78-7b6a-49f1-8cde-e700c85d0a56,It's Mine!,1998,https://cf.geekdo-images.com/A3fpOaxuSYPPwRypP1-irw__original/img/qma9TW4Ir9GU2UriQ_XcBPzJy2U=/0x0/filters:format(jpeg)/pic324995.jpg,legacy_unknown,,
a1a8866d-6c6d-49be-9c8e-fe3d6086a52e,Anachrony,2017,https://cf.geekdo-images.com/31quLNzteInnevVRAABoow__original/img/3KfMPSj7jjhG0g5lQBsO-bn67D0=/0x0/filters:format(jpeg)/pic3499707.jpg,legacy_unknown,,
0c3fbb46-7a06-4fb3-902f-2630d9d95b7c,Aeon Trespass: Odyssey,2022,https://cf.geekdo-images.com/l5vgu2EcX8qm7_p9zhROuQ__original/img/Ua9vz7SNNj175jUlBuA0t7To1FQ=/0x0/filters:format(jpeg)/pic4874391.jpg,legacy_unknown,,
d928a6fa-0c4d-489b-8864-756a8cac7851,Jurassic Snack,2018,https://cf.geekdo-images.com/JfRSyYQrbr2kcmj0460O2A__original/img/qMy12FAtJj_vTXLvaGXQNco7ams=/0x0/filters:format(jpeg)/pic3869828.jpg,legacy_unknown,,
6eb02c5a-b6d6-4c7f-a074-9fd30d4ee05d,Metro X,2018,https://cf.geekdo-images.com/uJZj-ugVw_EzKTLcPlGmpA__original/img/JUGbz4iwAE0nms1aFad2bk0capI=/0x0/filters:format(jpeg)/pic5236778.jpg,legacy_unknown,,
31ddecbe-4591-4e59-b9cf-dcfd51d4370b,BattleTech: A Game of Armored Combat,2019,https://cf.geekdo-images.com/r1wbk3AK3J07jdb8n2pIDA__original/img/-Cfh41VKYNbV4asx73ZTjCx1nns=/0x0/filters:format(png)/pic4550063.png,legacy_unknown,,
db58ff50-8bf7-46f9-b57f-7a80d4fa9e41,Aeon's End: Outcasts,2020,https://cf.geekdo-images.com/TvSUxRcx_KsnJXaTJXP2Ww__original/img/Gnv3bFJf5jEl_JevuBNjIcWoLpk=/0x0/filters:format(jpeg)/pic5182494.jpg,legacy_unknown,,
a5abf402-ad4c-4554-81a8-7bc42285205e,Atlantis Rising (Second Edition),2019,https://cf.geekdo-images.com/WRHngbJkWiKAJ4U8xSySIQ__original/img/TXo07OaiWGK59Zu0IBXbnBpbmag=/0x0/filters:format(jpeg)/pic4895878.jpg,legacy_unknown,,
63061519-cfe2-4cd1-9aa9-9d88c60be7bb,Codenames: Deep Undercover,2016,https://cf.geekdo-images.com/Hnxruo8BBx73kd4TCZQdYg__original/img/1vLShAQ6FSqcnDF5ik_7bUAFjGQ=/0x0/filters:format(jpeg)/pic4390414.jpg,legacy_unknown,,
ae190fb2-38d1-486e-8ff3-e21a6e69e75c,Bamboleo,1996,https://cf.geekdo-images.com/Haz0aE28ZWXr4YSIprzVLA__original/img/O0NdbW-WkdS2P8jaLOg0aUNQPSU=/0x0/filters:format(jpeg)/pic665201.jpg,legacy_unknown,,
c194e02c-3951-4874-b3a5-b2bc8f058c76,Aeroplanes: Aviation Ascendant,2012,https://cf.geekdo-images.com/u0sjfmx7u5vN5EPZJFPlOg__original/img/VtHD9nc1euJwyxkg8vA1dzNhHBM=/0x0/filters:format(jpeg)/pic1221593.jpg,legacy_unknown,,
7dbda423-17a4-483f-bdec-73f0f7a45fb4,Advanced Squad Leader: Starter Kit #2,2005,https://cf.geekdo-images.com/Ax6xtnLMaW_yR12Wx9tyeQ__original/img/6xn3uhZME7y1orKiShSCJpZSHN8=/0x0/filters:format(jpeg)/pic4088618.jpg,legacy_unknown,,
505cad9b-b81a-4cb7-8e19-24239812cff3,Run Fight or Die: Reloaded,2019,https://cf.geekdo-images.com/IqkfnNNPcSvrov-zllIAZg__original/img/Vj8KNXsdHMnL-4VNHyTuk4mpnZg=/0x0/filters:format(png)/pic4734799.png,legacy_unknown,,
a26ccf7a-f1fc-4dc7-bcc6-6d43b23a8dd7,Agricola: Family Edition,2016,https://cf.geekdo-images.com/X1xSEWTxwMuCVYBC6SpgWg__original/img/IwU1BQrnYwYVe33vdhxdtHprVrg=/0x0/filters:format(jpeg)/pic3136438.jpg,legacy_unknown,,
e7437267-ba55-4ad8-8ad6-73845cde0e47,7 Wonders: Edifice,2023,https://cf.geekdo-images.com/jUNBUX-I_2cuyjcbUvVsnw__original/img/2MbG0QevHEJQ2XrZKrACGLPVYzE=/0x0/filters:format(jpeg)/pic7416522.jpg,legacy_unknown,,
494a378e-61a2-4739-9e8a-ea83155445d0,River Dragons,2000,https://cf.geekdo-images.com/DXA__BmtPAOfEyH9m_dvKQ__original/img/13wt6O81Gq09wo2DS8_Mn1FkV_s=/0x0/filters:format(jpeg)/pic1374907.jpg,legacy_unknown,,
271354cd-417f-4200-a71e-b782b796c04a,After the Flood,2008,https://cf.geekdo-images.com/6xiblmzn2OoLuPUeoxK2Yg__original/img/KH3M6x7vXfXDG0gUp2IFdX1fQ4c=/0x0/filters:format(jpeg)/pic352448.jpg,legacy_unknown,,
ea1d39a6-dd3b-4c42-9ec8-a3720abae8e2,Leviathans,2012,https://cf.geekdo-images.com/wA3R4U97mPYwTmv30btHBw__original/img/Q5kL9WzN0z6HTlc5K__Tu1q3Xfc=/0x0/filters:format(jpeg)/pic616285.jpg,legacy_unknown,,
7f419d05-0042-4e57-81f4-cf495f86b421,Gackerei ums Hühnerei,2010,https://cf.geekdo-images.com/1gtuRLSStMAMAZ324Aej-Q__original/img/UVkJ9qrGXc2TGHZHiPs-FG_z6fE=/0x0/filters:format(jpeg)/pic737088.jpg,legacy_unknown,,
07f3806c-074a-4bc6-8b76-a534bc3617a9,Cubulus,2011,https://cf.geekdo-images.com/fWYgOGqVB--zhcGywcNVCg__original/img/bnisJsVNlO98kvZ0oR7EepftlBI=/0x0/filters:format(jpeg)/pic1045289.jpg,legacy_unknown,,
9a9b3a8f-04a6-47ae-9968-60434e556eaf,Back to the Future: Back in Time,2020,https://cf.geekdo-images.com/wjJsquLxPJc2WmvJ7SqVbQ__original/img/DeFwanotoRCkXHEkxEEb027zs7w=/0x0/filters:format(png)/pic5240569.png,legacy_unknown,,
c01626b6-effa-433b-9d14-7acbdb77a4bc,IOTA,2012,https://cf.geekdo-images.com/CKh-OlKYubIAq7SbOmkd8A__original/img/u3aGj4nVLurQ6F2-ePkh462xvFY=/0x0/filters:format(jpeg)/pic1337203.jpg,legacy_unknown,,
cb957446-4f12-4650-a684-9b19d8ec4afc,Gnome Hollow,2024,https://cf.geekdo-images.com/kg2cK5kzUlxip4CONMY70Q__original/img/voKXqtNYiG8VEWLlPI2Rw1QJHO4=/0x0/filters:format(jpeg)/pic8035777.jpg,legacy_unknown,,
973e3de7-9f9e-439d-a0fa-f6cfa6152061,Palazzo,2005,https://cf.geekdo-images.com/2D3JGCv-BExPZVSZPRakrA__original/img/oayxY6H44FNLrx4ukPysKZ3inJQ=/0x0/filters:format(jpeg)/pic96347.jpg,legacy_unknown,,
3a882856-8a46-4bb6-82b0-bd336e73d36f,Stuffed Fables,2018,https://cf.geekdo-images.com/CS83e1WOA5WMc4izRw6zwg__original/img/t8rrl-N63ofmYHV3_QTNGtkywOk=/0x0/filters:format(jpeg)/pic3708878.jpg,legacy_unknown,,
f96c2e09-a3a9-4154-812f-cd242fd502d3,Hera and Zeus,2000,https://cf.geekdo-images.com/YnsbGY6oC0Tgysa2PBBZNg__original/img/kf1n3utamZUp4zs0FaTXp94EU-4=/0x0/filters:format(jpeg)/pic63285.jpg,legacy_unknown,,
9da23f27-53a4-4680-ace6-7e0e897ec72b,Intrepid,2021,https://cf.geekdo-images.com/cYAB0vJjeAh75QOnlcLx7w__original/img/GAc_4u_NU13R1fkdB1kWfrxuPR0=/0x0/filters:format(jpeg)/pic7109773.jpg,legacy_unknown,,
f7df136c-0ea7-4283-9df5-92dfcbfd39e9,Agricola: All Creatures Big and Small,2012,https://cf.geekdo-images.com/iaxdcb_l3F8McwzyoiiCig__original/img/0jQpVjFEcjoIPpVGRf2DhO-jzLo=/0x0/filters:format(jpeg)/pic1514252.jpg,legacy_unknown,,
aa232378-ee7c-471e-9502-f53675e9ba9d,Space Cadets: Away Missions,2015,https://cf.geekdo-images.com/mYoMSJr5K53vJb2Y0SzVpA__original/img/KJnxWFeiBBHlbZa-iO6sW5ocBJQ=/0x0/filters:format(jpeg)/pic1927835.jpg,legacy_unknown,,
3c1d659c-b668-42e6-a361-9dad7f9a4146,Age of Discovery,2007,https://cf.geekdo-images.com/lItcvf_w_Q74vg9q-TakAA__original/img/EKJusdG6xzzZ4-a6NxG_wyYvXKE=/0x0/filters:format(jpeg)/pic222980.jpg,legacy_unknown,,
2f64edf0-6031-40b1-9f5c-6aafad0b53b2,Round House,2016,https://cf.geekdo-images.com/NW5QvdcOPHn-pE1Qu_yF7A__original/img/TVdRc-VOXlE7bpmTXtaz2X3hhoE=/0x0/filters:format(png)/pic4120046.png,legacy_unknown,,
0dab9e87-3e60-4e10-bc04-f7ea420b5eee,Infiltraitors,2023,https://cf.geekdo-images.com/poTZOHBjq83dzXYqICfJkw__original/img/c2PMyIoGCHBUZEALmzQP54ojHLk=/0x0/filters:format(png)/pic7558309.png,legacy_unknown,,
088a852a-63de-4536-a357-b84158a7d5d2,Super-Skill Pinball: 4-Cade,2020,https://cf.geekdo-images.com/Tmm3TEDHjb4daehm9sgstQ__original/img/_gbOQyUrnpHDaK76RA7Fe3ujsZY=/0x0/filters:format(jpeg)/pic5295593.jpg,legacy_unknown,,
0e217dff-0e65-4167-9a01-be77691a2a20,Friedrich: Anniversary Edition,2004,https://cf.geekdo-images.com/K2RGxYiIFQJSkgQHcOsNbA__original/img/BPAUayLVlRU2ZEDR5kGquxt0vq4=/0x0/filters:format(jpeg)/pic1064931.jpg,legacy_unknown,,
d32fc98f-066b-4750-bba7-ae8a645fe231,Fjords,2005,https://cf.geekdo-images.com/5lLbSwazSo9jibcsJGvu3w__original/img/_ul2ZKpUiwUZeIMNQJ3lpLkNENo=/0x0/filters:format(jpeg)/pic8639545.jpg,legacy_unknown,,
4b79b824-fe36-4bf5-8c80-0ab941898663,Around the World in 80 Days,2004,https://cf.geekdo-images.com/K2_dj1157oN11iJvpdODZA__original/img/gyLUDjM_GCiBlypCXYZoW-_gIHI=/0x0/filters:format(jpeg)/pic209851.jpg,legacy_unknown,,
f23fdb85-9aa2-4e8e-8bf5-b4fa94c11b13,Godzilla: Tokyo Clash,2020,https://cf.geekdo-images.com/nHtEZEybRjz9dSewkvharg__original/img/cqmRwtZb7qIE3glVi9ZViDkLvKk=/0x0/filters:format(png)/pic5252884.png,legacy_unknown,,
3bdf875e-969b-4e2d-bf52-321fc182cb5a,Encore!,2016,https://cf.geekdo-images.com/3SDN2RboQKFA8Cwle7XaMA__original/img/5bZ8_EGeajhUlvMI7Ou6oPcLLjk=/0x0/filters:format(jpeg)/pic4731898.jpg,legacy_unknown,,
ce4706bd-553c-4f4c-bc37-e2ceeae37bf3,Winter Kingdom,2020,https://cf.geekdo-images.com/TSuYOT_8INwrGIUe7gymVw__original/img/f17bXdt55ORk0mJX_2EMrUW7-Po=/0x0/filters:format(jpeg)/pic5309968.jpg,legacy_unknown,,
13251099-8925-4d36-b8e8-6fbeb4182736,Viral,2017,https://cf.geekdo-images.com/NeZO7t39b9_PM4juLEluSw__original/img/IuSKAbgCefvOLsCfRlTemO0pea0=/0x0/filters:format(jpeg)/pic3399864.jpg,legacy_unknown,,
b8e1b8d3-51db-400f-adb2-c41e273d3c0c,Agra,2017,https://cf.geekdo-images.com/cb8ydtRuQ-SADwD35oHX9w__original/img/04eMY8p7oP_tzCMfyzR2VdFWDNI=/0x0/filters:format(jpeg)/pic3621105.jpg,legacy_unknown,,
fa7b3a4d-8b0b-48a6-a0fd-158783a70520,Arkham Horror: The Card Game,2016,https://cf.geekdo-images.com/B5F5ulz0UivNgrI9Ky0euA__original/img/guEKCewM_2e5ugltSN3dTSwdZJI=/0x0/filters:format(jpeg)/pic3122349.jpg,legacy_unknown,,
80a4c372-f799-43aa-aaf6-92baf33384c7,Dream Home,2016,https://cf.geekdo-images.com/CtVH__gM0TBISzOzV3OeFQ__original/img/d2B_-IP89EV5g22xMzggb4yyit0=/0x0/filters:format(jpeg)/pic3176771.jpg,legacy_unknown,,
e524c2fd-f4c0-4f51-89b1-a1140e46e7ec,Battle Masters,1992,https://cf.geekdo-images.com/Zu2J52KD1sh9DemL_oIFyA__original/img/o5-fAaa-lsld1BnMOHI-G_uwb60=/0x0/filters:format(jpeg)/pic4009930.jpg,legacy_unknown,,
a20eb925-17b9-485b-8479-52299e50480e,Chrono Bomb,2014,https://cf.geekdo-images.com/IM62io8Rvh0Ejjc6JGnFsg__original/img/sFSca4tzWdbKF67xvEUGUBpuqqw=/0x0/filters:format(jpeg)/pic3474506.jpg,legacy_unknown,,
55016ed6-0efb-43cd-bf14-fd1f3d421dc7,Die Dracheninsel,,https://via.placeholder.com/800x600?text=Board+Game,legacy_unknown,,
608ddb6a-db23-4676-a57f-470df4de4eaa,Insider,2016,https://cf.geekdo-images.com/VW7K2SmGbr-Eim9nNhxfJw__original/img/UY2k4aU_0kF24cYks1b0awwE3gU=/0x0/filters:format(jpeg)/pic3325362.jpg,legacy_unknown,,
73f56454-aaea-4bfb-b9b1-47d98ed0fc29,Tannhäuser,2007,https://cf.geekdo-images.com/v4qUOFlg_TtLbdr5Y6O0cw__original/img/zNtACoiLZet2ga2wMC3Rn3_b6Xk=/0x0/filters:format(png)/pic6972335.png,legacy_unknown,,
8667d6fd-581c-4ca4-a71e-f7131b075151,Dice Throne: Santa v. Krampus,2022,https://cf.geekdo-images.com/fzqN3SJrhTtPjPRLAKyNyA__original/img/70QLb2y5oONgzhlfgph7Tl5Cgms=/0x0/filters:format(jpeg)/pic6948439.jpg,legacy_unknown,,
3aae46c6-b7a3-4116-b949-6971173eff69,Braintopia,2016,https://cf.geekdo-images.com/cOKyWfTL7Wb9ECC-34gsdQ__original/img/AqG49rHyLAU0OM4CJ_4KPb6FIbo=/0x0/filters:format(jpeg)/pic3539828.jpg,legacy_unknown,,
7ed750c8-e070-40c5-96ba-2a5d6e2f31b0,Neue Spiele im alten Rom,1994,https://cf.geekdo-images.com/kmz-TihAsXAjDrvH9zu8ew__original/img/1OZw4amwy5NlZkaaCf5euhW6HSo=/0x0/filters:format(jpeg)/pic756525.jpg,legacy_unknown,,
a24010ee-0aea-4bb5-a396-1065e83e5836,6th Sense,2021,https://cf.geekdo-images.com/olHL4zeLplDzjGgl3o942A__original/img/zeCPxAkB_GAnPC8-_oICYbeQNfk=/0x0/filters:format(png)/pic6329985.png,legacy_unknown,,
c0547858-a84f-4796-9868-01d4b0358c90,Our America: A Game for All Generations,2011,https://via.placeholder.com/800x600?text=Board+Game,legacy_unknown,,
477e8d11-d02e-44d0-b736-9be2f6943460,Time is Money,2003,https://cf.geekdo-images.com/eTVKULK-odfOOVu1wi7gUQ__original/img/Qe2g_w7PnOIQT6t0gP8Tj2LIZgs=/0x0/filters:format(jpeg)/pic249262.jpg,legacy_unknown,,
990e9c95-4bd4-4e72-93c2-f77aa7fc718c,Airlines Europe,2011,https://cf.geekdo-images.com/MWSJ6c001o3HAk00qek9Rw__original/img/_XPl3-a7ZAkwNH6dyTkKwZnwapo=/0x0/filters:format(jpeg)/pic975416.jpg,legacy_unknown,,
82799f0b-8398-422b-b7e0-53f657bcf3af,Mysterium Kids: Captain Echo's Treasure,2022,https://cf.geekdo-images.com/3PLNZOg5ZEVf9u121faEbw__original/img/J_D8TkWJfM4xFoWdoEmKKpXANck=/0x0/filters:format(jpeg)/pic7075722.jpg,legacy_unknown,,
38923c12-76ff-46fb-96aa-95ef7990125b,An Infamous Traffic,2016,https://cf.geekdo-images.com/LeN0x5yRX6zYbZqz3jTLOg__original/img/n4gSyMQf9tedj1Cw5FFbyzI4rMI=/0x0/filters:format(jpeg)/pic3135977.jpg,legacy_unknown,,
f696b125-4ff7-4597-ad96-fde5c7a55a01,Niagara,2004,https://cf.geekdo-images.com/IgYBUVpyseRNS8Pf9Ie6_A__original/img/AV_zpzbyAaOYQSb8kUTzk8-0GH0=/0x0/filters:format(jpeg)/pic7572713.jpg,legacy_unknown,,
41d2b50d-6f2f-4b8f-81bf-1460afc632df,Kivi,2016,https://cf.geekdo-images.com/LtSD-TT99p3Tc9hjw-btPg__original/img/AGSq9HH6HOZ7WrMaP8ZvUzCR2eo=/0x0/filters:format(jpeg)/pic3142324.jpg,legacy_unknown,,
3c8317eb-3958-49c7-b542-c596f9c15921,The Grass Crown II,2022,https://cf.geekdo-images.com/Z8_duLlsiD1CPnJouSlaPw__original/img/QD-UHkflRRGZL5l0HSHBbjZpiIA=/0x0/filters:format(png)/pic6912261.png,legacy_unknown,,
a2bc5e18-e556-433f-849b-e0dc9e826975,50 Clues: The Pendulum of the Dead,2019,https://cf.geekdo-images.com/4tUCnrNqQxI__qLjfuZ5pw__original/img/jvPwC5ifLOJA4PZPQ3-lYxF_d7w=/0x0/filters:format(png)/pic4782559.png,legacy_unknown,,
d15b869f-0211-47f2-a9ab-585ae7a0ee85,Alaska,1979,https://cf.geekdo-images.com/WSYjyNQH6nhRZfldfRuy2w__original/img/8iXfocFMomJWQYV8tys2fIS2ogw=/0x0/filters:format(jpeg)/pic1821845.jpg,legacy_unknown,,
813a7de8-ad25-43c5-9819-98dc7c36ede4,Carcassonne: Amazonas,2016,https://cf.geekdo-images.com/_4RAdG5_9sBDHweuwo7jhw__original/img/POsEsvwsvH74r6vTk_75VjxnZRI=/0x0/filters:format(png)/pic3147391.png,legacy_unknown,,
a12628b8-6b90-41d2-b5d3-41af4d20e8a5,Petrichor,2018,https://cf.geekdo-images.com/MclM91c6yVVH_LWgcTvpIQ__original/img/PsGA30t4N1J_uUSu7pkKhDPzBLo=/0x0/filters:format(jpeg)/pic3673255.jpg,legacy_unknown,,
de206b3a-e442-496e-9f10-a9e6b3700cb2,Hg Wells All Time Best Air Combat Miniatures,,https://via.placeholder.com/800x600?text=Board+Game,legacy_unknown,,
b2a9006f-15dd-4521-ba3d-7e5484917176,Alea Iacta Est,2009,https://cf.geekdo-images.com/smrPassEeydTEwglmv6QHg__original/img/L5zYazrf9b7vDqM9F9IEamg3rho=/0x0/filters:format(jpeg)/pic1218804.jpg,legacy_unknown,,
2595ebbf-5625-42ad-9e3c-4f979492ca33,Nacho Pile,2022,https://cf.geekdo-images.com/bguUOJHh46IjGd_KW6i6_w__original/img/_ZwyyK91ZhXQkhLyCAfsMoG1Xn8=/0x0/filters:format(png)/pic6980599.png,legacy_unknown,,
38cc0489-8a11-4f20-93a0-a62a8d129bbf,Algeria: The War of Independence 1954-1962,2000,https://cf.geekdo-images.com/MaEGJXXfGlGwio73SO-mxg__original/img/BdqzOq8G9DMDZ-M4XFmXIcu16Mk=/0x0/filters:format(png)/pic3057179.png,legacy_unknown,,
2d86f2fb-c2a4-4616-b855-07c0887b32fa,Gheos,2006,https://cf.geekdo-images.com/uu2Vzt8mg9Pj67g_NPvOpw__original/img/rOKN1el8iPkqf2aChhC9DnOQCzU=/0x0/filters:format(jpeg)/pic134109.jpg,legacy_unknown,,
83403478-0c3b-45e5-b8a8-a5eab46df1bd,WordARound,2012,https://cf.geekdo-images.com/r0Ei7m_KLnEYkPQX-LkNqg__original/img/8Miyup-RPBpo5wwyb6Oiad5_jmQ=/0x0/filters:format(jpeg)/pic2047461.jpg,legacy_unknown,,
a2ea2d0e-5bbd-40ae-9343-f95802ec0508,Noodle Speedoodle,2014,https://cf.geekdo-images.com/b5wLU-LqBUwGZCE2KD7wrA__original/img/DVDf7fjj7E6nnUxmL0KR-gewF6Y=/0x0/filters:format(jpeg)/pic2062008.jpg,legacy_unknown,,
e52087b6-afe9-42d8-9efc-044d06253a8b,Alexandros,2003,https://cf.geekdo-images.com/TBy7NjIV5rPsBVVXnWOdXw__original/img/_NQGhlp487izbVP0YA-ooswY5cA=/0x0/filters:format(jpeg)/pic146434.jpg,legacy_unknown,,
3264e0f1-edd2-4092-b116-d9d982669627,Cubitos,2021,https://cf.geekdo-images.com/_WY_JrQQRrSUlVof11hMpQ__original/img/x5IICp6q86ozlyzJjTcoNkMELnI=/0x0/filters:format(png)/pic5226311.png,legacy_unknown,,
b1d33cc8-cf0c-412c-970a-d3f5baa6334d,Creature Comforts,2022,https://cf.geekdo-images.com/A0ZRM7_H6ecCQ8-lW0MtQQ__original/img/VcraEiTpK1jfGuU_A3-UiaH-cZI=/0x0/filters:format(jpeg)/pic5799638.jpg,legacy_unknown,,
874a1953-ce5b-4c3e-ad76-f4b7d4143bff,Steampunk Rally Fusion,2021,https://cf.geekdo-images.com/dnh13DJ3J_ISDYssfyUCWg__original/img/52fKWzHO4EnldmcSdtHbVjPPdpY=/0x0/filters:format(jpeg)/pic5212622.jpg,legacy_unknown,,
4d872419-f665-4cd0-af1e-7dee2b671109,Dungeons & Dragons: Rock Paper Wizard,2016,https://cf.geekdo-images.com/f4semdquq7V6NkVs4cJCnw__original/img/_UpUt8_BFm8kXoARD1GIsv5xiyg=/0x0/filters:format(png)/pic3148756.png,legacy_unknown,,
30ddd099-b624-49e7-9d69-68d450e30d60,Red Flag Over Paris,2021,https://cf.geekdo-images.com/xpvbP6BfHoR9GdW7Dpg8hA__original/img/y9qlVynf7tofyxeIl65X4m12s5w=/0x0/filters:format(png)/pic6205682.png,legacy_unknown,,
da67dbc0-a78c-44f1-ba29-6134aa58f615,Kanagawa,2016,https://cf.geekdo-images.com/Rr2JrRztCFzzikJ9YL5-Dw__original/img/-v_1QOvedVYSmOkWsmQuROJCHI0=/0x0/filters:format(jpeg)/pic3105168.jpg,legacy_unknown,,
6c169063-aaa7-46ca-bb46-2a2f667ccb25,Dive,2021,https://cf.geekdo-images.com/iOla7B7sqs4IsGQcS4ghgA__original/img/O4hptBLLfWtBpA7gzNVfuJxfLIk=/0x0/filters:format(png)/pic5733939.png,legacy_unknown,,
2cce9a1c-3892-420e-b91a-b14cdb583499,1861: The Railways of the Russian Empire,2006,https://cf.geekdo-images.com/E9McUmVzBattf7ZAqg9R5w__original/img/XN-RwYCi_T4cYvoTNmyK9OPjlWo=/0x0/filters:format(jpeg)/pic1162673.jpg,legacy_unknown,,
d0e9ed90-011b-42c6-91e6-4e935814fb46,Core Worlds,2011,https://cf.geekdo-images.com/Yim5NN5RexitX1ZaAsrKSg__original/img/vTRod_K2284wZIUN4Xcc9P7g1R0=/0x0/filters:format(jpeg)/pic1063921.jpg,legacy_unknown,,
847c43b8-3692-4631-9d73-e8bdec616a4c,Donkey Derby,2016,https://cf.geekdo-images.com/P-weSzEdrl5o_vMRm0kvwQ__original/img/FmTHC5jdXerI-fTIJ3zZLdWwWRY=/0x0/filters:format(jpeg)/pic3143361.jpg,legacy_unknown,,
5c6962a5-44c8-4456-8a94-bcc46678cffc,Battlestations,2004,https://cf.geekdo-images.com/PF_LtffPgsMcmrjpKlpwdg__original/img/5GfCSHca8wgXJPQUJ7BcmysBNdU=/0x0/filters:format(jpeg)/pic493833.jpg,legacy_unknown,,
a326d1d9-2d64-4908-b305-6cd83eb45664,Get Rich Quick,2016,https://cf.geekdo-images.com/HPPFaE5eiA4t2Z_yUN9S3A__original/img/g6He5JYXlZodNNMVbgLvg6rxXF8=/0x0/filters:format(jpeg)/pic3133796.jpg,legacy_unknown,,
91488fc9-b030-46d4-8dd3-4812eaa97592,Wits & Wagers Party,2012,https://cf.geekdo-images.com/8L0pOe9aMT6Mi4FeieCA0A__original/img/RKx-oEQ9bSMymahtEls8qH9hNb4=/0x0/filters:format(jpeg)/pic1285411.jpg,legacy_unknown,,
a274bebc-eec0-4852-a180-7c89e5bfaaee,Outrun the Bear,2023,https://cf.geekdo-images.com/zuLIJqi-QS6SwB6llGKkPg__original/img/LZp9EFsAtDCMw0UB0nWR79UZgLU=/0x0/filters:format(png)/pic7099761.png,legacy_unknown,,
4096e4bf-b95a-436d-a2c1-f2a1662669b6,"All Bridges Burning: Red Revolt and White Guard in Finland, 1917-1918",2020,https://cf.geekdo-images.com/dkelad1OCkFSzDeEMReLwQ__original/img/4qmn6b7xszT3XCzjYp61u75xiJw=/0x0/filters:format(jpeg)/pic5318135.jpg,legacy_unknown,,
7e20e00f-87dd-4898-bc4e-3c615ec20774,Lucca Games Best Concept Art,2010,https://cf.geekdo-images.com/H-5CtCOiEPVI4zuwif7Ksg__original/img/R0KlSoOquoOXQbvADC4m0rbhHdg=/0x0/filters:format(jpeg)/pic777451.jpg,legacy_unknown,,
9d36fc0f-9142-42bf-9b50-3653c00215d4,Magnate: The First City,2021,https://cf.geekdo-images.com/mkiI85CzDVnOHMwz57k1vA__original/img/PGy8FX6kGuKtBPcs5m4D4BdnpdI=/0x0/filters:format(png)/pic6725286.png,legacy_unknown,,
d5afbc86-b4ef-44b6-badd-fa41c0fe5f2c,Flick 'em Up!: Dead of Winter,2017,https://cf.geekdo-images.com/P7W3dCZliN22VxH7JPUG3A__original/img/FJ0Y-DDM5A_rmkXvNXEm-brHaHk=/0x0/filters:format(jpeg)/pic3365608.jpg,legacy_unknown,,
4c830b33-0a38-4e92-87e7-1d477136c936,Busungar,1986,https://cf.geekdo-images.com/wmW8TX_i2JGNDWGTFu6SlA__original/img/DrIKfgK78oQmZ-Nspb7im-6THjk=/0x0/filters:format(jpeg)/pic4709029.jpg,legacy_unknown,,
8249cd5c-7868-4e89-a703-b9e4a7f6de80,Strike,2012,https://cf.geekdo-images.com/zRTvHAU4symyXKgBDi_k3A__original/img/svGEK0Pzo3lYYAo6l5qSr78AbwQ=/0x0/filters:format(jpeg)/pic5950845.jpg,legacy_unknown,,
a9e5b288-7b30-471b-86b1-27f01a4dd304,N-Tropy,2004,https://cf.geekdo-images.com/2Fm9XQrp88gMa0GymT_COA__original/img/LeFmJlZyRcnCS9bsGlWzRcp6MSk=/0x0/filters:format(jpeg)/pic65149.jpg,legacy_unknown,,
c6dc5b55-a934-46e0-b907-7a28dec55ba8,Unlock!: Exotic Adventures,2018,https://cf.geekdo-images.com/RDhNC7mIZHdNBfRRQ7q7nA__original/img/kdK3cc37IG1MlGb5Njy3R2_Z5bE=/0x0/filters:format(png)/pic4511284.png,legacy_unknown,,
f561356f-3ce9-49d5-bad4-6d96ce2370d6,The Battle for Dresden 1813,1995,https://cf.geekdo-images.com/Y5UYevk0XmIANbt1RQISVA__original/img/Un_AWdmfxwYJ_udhj-vOI4mQqXA=/0x0/filters:format(jpeg)/pic360054.jpg,legacy_unknown,,
ed85453e-07fa-4e02-90d7-6e1fc4b99f1c,PUSH,2018,https://cf.geekdo-images.com/6mcfJ0qM9BW-tVi8ylg_uQ__original/img/oMn0Ds3_LQjE_fjZ1ilPXFMalFo=/0x0/filters:format(jpeg)/pic5197222.jpg,legacy_unknown,,
a58c9fb7-d07f-47bf-82c3-0a11e4b31b0b,Sheepland,2012,https://cf.geekdo-images.com/UD-CdN-yCNPyE3UgKmdesA__original/img/bQ-6yePRFmc5Wt-AxXxNv2w6GLg=/0x0/filters:format(jpeg)/pic1298380.jpg,legacy_unknown,,
ef60ad36-56a3-4eee-94c3-969e246ef426,A Call to Arms: Babylon 5 Space Combat,2004,https://cf.geekdo-images.com/EdYCbFUNAbSDvNMCdKt4rQ__original/img/s7LxprcT1PtaEFBEPPusat4rkZM=/0x0/filters:format(jpeg)/pic136664.jpg,legacy_unknown,,
3defdc4f-66be-4aa2-8d64-660b4c590471,Arena: For the Gods!,2017,https://cf.geekdo-images.com/0aK3tK89_FFAW2ADgKlQLg__original/img/uxAAItPY9xTjOjLW4ng5l6P2OBM=/0x0/filters:format(jpeg)/pic3613441.jpg,legacy_unknown,,
d449bd64-ee6e-44f6-983d-06cdcd0c0d03,Bonaparte at Marengo,2003,https://cf.geekdo-images.com/lV2JmG0MEgrIbrRRRBlAgQ__original/img/Gt5Pi52DsKQtFLomKmRjlmGavHE=/0x0/filters:format(jpeg)/pic289180.jpg,legacy_unknown,,
a35ecd48-a3e6-4d0b-b97b-8c54744682e5,Cubus,1987,https://cf.geekdo-images.com/nNA2Q3cEx7DKB81Y79pldQ__original/img/tEv147PfGM73coI6R-BUomI-qLg=/0x0/filters:format(jpeg)/pic122908.jpg,legacy_unknown,,
5d005355-cf84-422e-a4d3-e4e74a192128,Commands & Colors: Medieval,2019,https://cf.geekdo-images.com/oKduc32AIwj-5sBjLgm6mw__original/img/I6hBR91tgwFEmS9EKxMMSLabEhQ=/0x0/filters:format(jpeg)/pic4495547.jpg,legacy_unknown,,
8701cf82-2f9b-4e07-9c73-ffd3b51e4a18,Battle Line: Medieval,2017,https://cf.geekdo-images.com/i2S4_8bOrSINBEdA95vgRg__original/img/dbHmpHQNSkflMmtR2T2jyUpTIRA=/0x0/filters:format(jpeg)/pic5102612.jpg,legacy_unknown,,
f8e704f9-7040-4fd2-9d2f-06b3764b2a38,Farben,2018,https://cf.geekdo-images.com/bdtFnbOHc1TpBYtBq3gLGg__original/img/qO6aTDqYpeYg630LVCmzUbb7FP0=/0x0/filters:format(jpeg)/pic4319287.jpg,legacy_unknown,,
03209dd3-b3d3-4c7e-945c-3bf49f3a875e,Thunderbolt Apache Leader,2012,https://cf.geekdo-images.com/TmdTjsfF6hX8SL-h3cFTqA__original/img/NeVmFaA3OFqww6neH5juTEXb-nQ=/0x0/filters:format(jpeg)/pic6291950.jpg,legacy_unknown,,
d358c3c3-f86b-46a9-82d8-e75b0573c6af,Mechs vs. Minions,2016,https://cf.geekdo-images.com/n4J5LebMj0DQD016qW7ABw__original/img/KDP4s1942J-T52OEytY2VpUWZC0=/0x0/filters:format(jpeg)/pic3184103.jpg,legacy_unknown,,
b2c68d2c-8086-41b8-888e-f61e3edd142f,Ascension Tactics: Miniatures Deckbuilding Game,2022,https://cf.geekdo-images.com/891ZOmibeW3iRhEcdN0B5w__original/img/KQojWcEDJSItT4irky_t5Ut8kNI=/0x0/filters:format(png)/pic7364675.png,legacy_unknown,,
ba563113-8244-403d-8022-2c2b46946409,Robin Hood,2011,https://cf.geekdo-images.com/bOF8wOPYPD_h93-8qizKlA__original/img/GBOw0PCoxKu9CJ3mbNz2KbuKqAE=/0x0/filters:format(jpeg)/pic1077675.jpg,legacy_unknown,,
db49b9b8-1251-4ef6-8a2a-14ab67d7c707,Oh My Goods!: Longsdale in Revolt,2016,https://cf.geekdo-images.com/gy3tAXS3RydIMRIJwkTXCQ__original/img/yo3WTkrTrtV2LzatW2jnhEgvdxo=/0x0/filters:format(jpeg)/pic3712899.jpg,legacy_unknown,,
3abd89d2-75ed-48c8-9365-2cb1c99724fe,Hidden Games Crime Scene: The New Haven Case,2019,https://cf.geekdo-images.com/NFN-oNosuQqhPc-FYv4PAw__original/img/Mx-BI3s7UzzEAgahMGyWoMRmLbQ=/0x0/filters:format(jpeg)/pic6163740.jpg,legacy_unknown,,
04910d80-7303-47bd-9b83-25a1cf8208b3,Tak,2017,https://cf.geekdo-images.com/pgJUsRt3inyH0hz3NyjU-w__original/img/-EfWE3NFHwEyMv5fSeMn4r_k1rI=/0x0/filters:format(jpeg)/pic6763305.jpg,legacy_unknown,,
dbcf6477-cc09-4e84-a31e-49cb31778730,Star Wars: X-Wing Miniatures Game – The Force Awakens Core Set,2015,https://cf.geekdo-images.com/XbHyT8MyD-FLorGeWAHjzg__original/img/ziZNwXWoOLBQQKl1SO4UZ9YMf8g=/0x0/filters:format(png)/pic2654558.png,legacy_unknown,,
602674db-d994-406f-942d-94e390f26a00,Endless Winter: Paleoamericans,2022,https://cf.geekdo-images.com/TFX_awTwbJxoG74GtRHytw__original/img/plU9ZhUubz-1LHGfbsDstEOE9vg=/0x0/filters:format(jpeg)/pic5624523.jpg,legacy_unknown,,
0e27ae71-daa3-42b2-b4ec-6f2049b301ba,Dark Ages: Holy Roman Empire,2021,https://cf.geekdo-images.com/LLcPQ7hDFJ5k_ADPTZ7U8Q__original/img/jCscQbfZCO5KN2_tB81ckdsKIxs=/0x0/filters:format(jpeg)/pic5092356.jpg,legacy_unknown,,
8c9c6947-f30d-447d-ba99-168c85742811,Der kleine Ritter Trenk,2008,https://cf.geekdo-images.com/o2bZzM8kywb70PsoqORE4w__original/img/VobA3VDCMh9mUHvyDLCCXHFvSV0=/0x0/filters:format(jpeg)/pic620984.jpg,legacy_unknown,,
a0d58cd3-05f0-4dd1-b4e9-53aafc47eff4,Pick-a-Dog,2012,https://cf.geekdo-images.com/tId8rrxxO4U2U3zNLOgNTQ__original/img/6ZpviQcqGAIE1bsw9HzAd5yRre0=/0x0/filters:format(png)/pic1303394.png,legacy_unknown,,
c657b1ad-bc46-4388-a8c9-6bea57e818a1,Batman: The Animated Series – Gotham City Under Siege,2018,https://cf.geekdo-images.com/g9rQ3Dmawr-_EZkMVRJx2Q__original/img/BDm3M41Gk8Nu6zCZmrv_Vj7re0M=/0x0/filters:format(png)/pic6974383.png,legacy_unknown,,
4bddfcc2-7472-4095-b61d-afe36c461c96,Railroad Ink Challenge: Shining Yellow Edition,2021,https://cf.geekdo-images.com/yE1xMCPzckKh9V9CStNFEw__original/img/cpsGDBjzoKWhE8u5SojuSYafNmg=/0x0/filters:format(jpeg)/pic5350626.jpg,legacy_unknown,,
d57f75f1-d50f-4a71-a7e5-097ade06896d,Mage Wars Arena,2012,https://cf.geekdo-images.com/QzZnTACp3MgfY1mqujWwzg__original/img/bewDIciem8n6TByYFZFaYg94_oQ=/0x0/filters:format(png)/pic7271666.png,legacy_unknown,,
1ab474cb-f855-4e4b-86b4-dc0f9f9dea8d,Rise of Empires,2009,https://cf.geekdo-images.com/ckbYcn2XmNr5GN1imz0XdA__original/img/WI-CiY2TAMspUBBADn8J86OZFbY=/0x0/filters:format(jpeg)/pic434539.jpg,legacy_unknown,,
74d38acd-7788-433c-90c7-1d0f8deb762d,Amritsar: The Golden Temple,2023,https://cf.geekdo-images.com/GF21q3A5-3xNClH8MiwAbg__original/img/S9_dADYzAD71tHU3aQQ0w8tcgDo=/0x0/filters:format(jpeg)/pic7526676.jpg,legacy_unknown,,
48187181-aeeb-43bf-8ba5-5b0de5612334,Pocket Landship,2019,https://cf.geekdo-images.com/rgV5LP2RwFnTxFPUuC1wHg__original/img/60AeK9bpzhlVN9M6mwhZoCIfI2c=/0x0/filters:format(jpeg)/pic7313705.jpg,legacy_unknown,,
ded2226b-2e2e-43f3-a9d1-33084ce540f6,Koalition,1992,https://cf.geekdo-images.com/xhCaK-ENqjy4kELm3OH0bQ__original/img/WEM2eRnguwnk-8I4C8VXFsTblDg=/0x0/filters:format(jpeg)/pic60544.jpg,legacy_unknown,,
48baef82-a5e0-42a4-aa5e-ee177fedca21,Android: Netrunner,2012,https://cf.geekdo-images.com/2ewHIIG_TRq8bYlqk0jIMw__original/img/cassW39WF2QrPImJF59efADAmM0=/0x0/filters:format(jpeg)/pic3738560.jpg,legacy_unknown,,
497b6196-e1fb-490e-853a-5b29fa73d5a7,Blood Bowl: Living Rulebook,2004,https://cf.geekdo-images.com/Fw_eZNLNOLjRLA3Lo8GV2g__original/img/Ab1M1nXMsd5X9kJq-GiEZ355t-E=/0x0/filters:format(jpeg)/pic66287.jpg,legacy_unknown,,
2a2cf70d-1405-498f-b170-d30123005388,The Gallerist,2015,https://cf.geekdo-images.com/ie1GSt1XV04sXQXt-3O1UQ__original/img/59dZRZePEgtcupkRSA2zohZuHpM=/0x0/filters:format(png)/pic2503200.png,legacy_unknown,,
b1863a9a-d69b-4759-a487-7d9a5f57252d,"""Almost a Miracle!”: The Revolutionary War in the North",2020,https://cf.geekdo-images.com/qTsmdSFJ_JIeV8RW3_GmYg__original/img/UQgqGKUEVNm_wd2EZNymIJqXI9o=/0x0/filters:format(jpeg)/pic4079367.jpg,legacy_unknown,,
cc0a7275-8b00-4747-b092-20d25e299765,Hickory Dickory,2023,https://cf.geekdo-images.com/wNPQex7ukUTDRO6WK1v0eA__original/img/yhwfSa8UQV4c2g9nz-zfzGg8oOw=/0x0/filters:format(jpeg)/pic6972966.jpg,legacy_unknown,,
9d068bd8-1008-4805-b425-9724b5a98477,Arkham Horror,2005,https://cf.geekdo-images.com/9cJf4kd_HZQo6NunfJlo9w__original/img/YA5R2ZUV2Zwt_fgXIxu8bii3OJ0=/0x0/filters:format(jpeg)/pic175966.jpg,legacy_unknown,,
28194a0c-5da6-4b64-8f81-1fd40cc04f38,Snippets,2016,https://cf.geekdo-images.com/Qi2sp0rTVsr4VKLYqqmWJQ__original/img/RBNTDrwXCUMeZzaJqDIQmxYnjM4=/0x0/filters:format(jpeg)/pic3197213.jpg,legacy_unknown,,
bd7db4c5-0ce0-4529-8630-b238c744e4ac,Kepler-3042,2016,https://cf.geekdo-images.com/qXwTs5Vd1nC84XrF9YEvPg__original/img/oCAyw3YkXP8KusKEU0_d_IG58pU=/0x0/filters:format(png)/pic8303117.png,legacy_unknown,,
a5bad1c3-80f4-4e90-af74-066012138148,Spookies,2015,https://cf.geekdo-images.com/skEpsn-DyqAnleJ8LDYDYQ__original/img/WEE0Ii0TNnaofI8IPd5xTSSBSRM=/0x0/filters:format(jpeg)/pic2727101.jpg,legacy_unknown,,
0dce5524-2d4c-47f2-90a7-d13afb8128e3,Plumino,1999,https://cf.geekdo-images.com/S4VIGb4P-CG3YShsyIXKaA__original/img/SixlGmVJGxUbc3nU9qlHf28Yc4E=/0x0/filters:format(jpeg)/pic136017.jpg,legacy_unknown,,
5592cbf6-800e-40ec-9a02-e40a2f85c905,Libertalia,2012,https://cf.geekdo-images.com/LeUx57CGYdnIEsnGebOB0A__original/img/ZMdpuswDvVy-I97-ws45isBIRO4=/0x0/filters:format(jpeg)/pic1326136.jpg,legacy_unknown,,
8e2a7a42-ecb8-4225-9af0-90cb3533bf95,Vs System,2004,https://cf.geekdo-images.com/wQNjY9KJ-WXegllrsxsUbg__original/img/pwlkoo1HBpiCkTp83okaHf6q0BE=/0x0/filters:format(jpeg)/pic108757.jpg,legacy_unknown,,
52fff6cc-730c-48b2-9118-07269a95236f,Dungeon Alliance,2018,https://cf.geekdo-images.com/Lk09rCRNCXoeJuzkYHBbvg__original/img/iQMu7tp22FOOkjKYVOMGqb4OJ6c=/0x0/filters:format(jpeg)/pic3285236.jpg,legacy_unknown,,
379373fd-d4f6-41e4-98cb-2b4add9be23b,Stomp the Plank,2022,https://cf.geekdo-images.com/MPlYQ002W5sJ_5exjFzZ7w__original/img/blpUKJxyPTAkFSqzqXmb0f_Fx2w=/0x0/filters:format(jpeg)/pic6980857.jpg,legacy_unknown,,
e6c9e7f4-6c97-4456-97b8-42cf53a69f63,Five Three Five,2020,https://cf.geekdo-images.com/OyT_2pRVNs4w15kQaeHPqw__original/img/w_kaK-7WIfcs7bm0676lUyeXy44=/0x0/filters:format(png)/pic6822638.png,legacy_unknown,,
3c184f2d-2382-41f9-a558-fbe0be205189,Legendary: Buffy The Vampire Slayer,2017,https://cf.geekdo-images.com/cRP0P2g_5tUhro-RGPFGKg__original/img/nDOamjeN1zbAyTW2v9U_I5BiMFc=/0x0/filters:format(jpeg)/pic3602877.jpg,legacy_unknown,,
ede04b9e-f569-41a2-91e5-3774d75da5df,Frederick the Great: The Campaigns of The Soldier King 1756-1759,1975,https://cf.geekdo-images.com/2QESa6Jbc-__X3JxH4kjIQ__original/img/mchbJYge6mePJKErg3NC-RQ6bL8=/0x0/filters:format(jpeg)/pic244500.jpg,legacy_unknown,,
fa31d3ce-ef5c-44fd-935f-6f6bebc9e75d,Walk the Dogs,2004,https://cf.geekdo-images.com/1J6wYpgA1U5nNgOKtsAd7Q__original/img/WH7fL9ZcKIPduKkHBPrgzpNkeeI=/0x0/filters:format(jpeg)/pic352854.jpg,legacy_unknown,,
a613fa5a-fc4b-4a7a-a97a-ee67a77cf46d,Was'n das?,2005,https://cf.geekdo-images.com/lM4nYf7jfamRa_4LiQFZUQ__original/img/1SPqJ4ZnmI4WXjnzeZfb1yaUlhw=/0x0/filters:format(jpeg)/pic698086.jpg,legacy_unknown,,
37905803-68a9-478e-b228-27aff4782f63,TacForce,1980,https://cf.geekdo-images.com/ZxUSFaz-3LxfnQTIt17W0A__original/img/gs-68rgUt4QfHAf5ztXxT3YaoxQ=/0x0/filters:format(jpeg)/pic309068.jpg,legacy_unknown,,
4a9794a8-5d3b-4dd0-94e4-79bfe5b00005,GOLD,2020,https://cf.geekdo-images.com/O2Dsoc2CfpnQXxojyLGB1A__original/img/5ZTE5Hvds-YXdZzskmpZwiRTcX4=/0x0/filters:format(png)/pic5529511.png,legacy_unknown,,
16d9a636-befc-420b-97f4-1156319aefd1,Kompromat,2020,https://cf.geekdo-images.com/xeIxamKPESmuIxx0OiX-Ew__original/img/g5Zguko2AWZg16ey8r2zbq9p5Pk=/0x0/filters:format(jpeg)/pic5521198.jpg,legacy_unknown,,
30c1e537-7186-4101-948e-18d7979164e3,Enchanters: Overlords,2018,https://cf.geekdo-images.com/ZCUUh9LKBcgIyDRC44umBQ__original/img/BdRE0pwtjF7vz_nynTqSBaWfxKE=/0x0/filters:format(jpeg)/pic4123193.jpg,legacy_unknown,,
71b86e5b-8e2e-4071-8e08-1786eba06904,DinoGenics,2019,https://cf.geekdo-images.com/BukgjRWfkGfdLYGkLXExSw__original/img/QuSfGw28p46cQTtnW4C1bcEE98E=/0x0/filters:format(jpeg)/pic4524562.jpg,legacy_unknown,,
26669008-4124-45f5-af63-b19c0a0b85af,Cubu,2012,https://cf.geekdo-images.com/4jzQpc50BwVOMaPekSaA4A__original/img/QTeTmavVbNBv-VsF10DAVY2dTzg=/0x0/filters:format(jpeg)/pic1375973.jpg,legacy_unknown,,
7ca47f4a-e0e3-486e-8f7e-54ada05276a0,Streams,2011,https://cf.geekdo-images.com/vGlITjrYQAKquWeopiy20g__original/img/UoYf7s7XthbWrWlBRgVYDXBwr6c=/0x0/filters:format(jpeg)/pic3760784.jpg,legacy_unknown,,
33b7080a-4151-4b90-afb1-aa84c1dac85a,Toru,2005,https://cf.geekdo-images.com/DYx6mKCsWl6ctFR7pp8gXQ__original/img/7WFZwpu3618s2Ba45kQI4D4rixA=/0x0/filters:format(jpeg)/pic99235.jpg,legacy_unknown,,
c1a5d47c-d69a-4379-9e1b-169bf6ff11fb,Catan: Junior,2012,https://cf.geekdo-images.com/t2L_dlodn04yyS7CmwnREQ__original/img/HmP2e4IuZWEWpG56C08zYnvBFvU=/0x0/filters:format(jpeg)/pic4741220.jpg,legacy_unknown,,
a6d3cc61-58de-43a3-abdb-4b0a7e11f347,Penguin Pile-Up,1996,https://cf.geekdo-images.com/hC9lT1HlvA-vmHEN9eYdoA__original/img/2JgJ0HxtzZBsofOHjJbf07iBa04=/0x0/filters:format(jpeg)/pic5877125.jpg,legacy_unknown,,
3a5ff43b-7607-4b50-b537-f08240de97b1,Apotheca,2016,https://cf.geekdo-images.com/DasaooWiCa_0LGIe8iEvEg__original/img/3J0ogEz3_yev_H7v5Iexko7AAAo=/0x0/filters:format(jpeg)/pic2796727.jpg,legacy_unknown,,
ed96890c-b1fa-4b18-a8f8-5981cf700ad6,Die Englisch Detektive,2010,https://cf.geekdo-images.com/Ray4TVCm1F5RE4tsOSioIw__original/img/ujDeSjwcuLbN5Ic-CxjBmWxb-YQ=/0x0/filters:format(png)/pic1146138.png,legacy_unknown,,
61a9111e-a02b-405f-a80c-ea6787461bf5,A Greek Tragedy: The Italian Invasion of Greece 1940-1941,2001,https://cf.geekdo-images.com/9mODtsZeTvcLc18ZkClhbQ__original/img/VLM-hob7wtx28z4vQhVbvaUsf60=/0x0/filters:format(jpeg)/pic757742.jpg,legacy_unknown,,
29196452-fc69-40c6-9cb6-39897ff7eeba,Dungeon Command: Blood of Gruumsh,2013,https://cf.geekdo-images.com/KQjtn-cELVSW7DTku75OKQ__original/img/npQRY-EYvMo4G2zN5FvjpDs0NmA=/0x0/filters:format(jpeg)/pic1534144.jpg,legacy_unknown,,
3ae55850-488e-4278-a87f-297e65c342ff,Panic on Wall Street!,2011,https://cf.geekdo-images.com/jQEMo8O-n8pzrwn1UY1P6g__original/img/kp5lochXDYh06e6kSpXvm-z67VQ=/0x0/filters:format(jpeg)/pic9030754.jpg,legacy_unknown,,
a745010e-6bbc-4696-85bb-0d37147a8334,"A Frozen Hell: The Battle of Tolvajärvi, Russo-Finnish War, 1939",2000,https://cf.geekdo-images.com/i0Nd9pRDUp2lBiUoTNFHjQ__original/img/7H50ACWJC0zfH21TukFL9DM-uJI=/0x0/filters:format(jpeg)/pic434242.jpg,legacy_unknown,,
092cde8b-7b70-425f-97e4-626007d46516,Regicide,2020,https://cf.geekdo-images.com/C9U2E51tkzLljewFEGQ74g__original/img/Q-a5lAydzhwNLLhy8n326tlxuYE=/0x0/filters:format(jpeg)/pic5837347.jpg,legacy_unknown,,
5c8158f0-8899-40d1-8a07-f2023f810303,Mausgetrixt,2012,https://cf.geekdo-images.com/p0CwL_8i6DZ-X8-MbcWJ-g__original/img/elOxy7-c_JtBayrkzwdHW8zXQqY=/0x0/filters:format(png)/pic1351563.png,legacy_unknown,,
a73c9fdd-3330-4f48-ba4d-d05cf6572929,Getaway Driver,2019,https://cf.geekdo-images.com/rrg-O3LHjCHxzF6HTHQUDw__original/img/_AIgaZc-ZJEDDI0C2JTHdD-kbs0=/0x0/filters:format(jpeg)/pic4152448.jpg,legacy_unknown,,
a7a84cd4-ef19-46e1-8615-1d7c230fc850,Word Basket,2002,https://cf.geekdo-images.com/AH9Oo4ZEKHmRTYv72bRp5w__original/img/nhmDSOmZDEhZJ3OQ-CpfsLdbCNg=/0x0/filters:format(jpeg)/pic1686421.jpg,legacy_unknown,,
255d1e23-46a1-41b8-9fbd-1008c0093ee2,Tzolk'in: The Mayan Calendar,2012,https://cf.geekdo-images.com/kXf7mDyDYuHg6oe8yTUIEA__original/img/f6-Au0KTnNR4nugSu2U-wPNbZCU=/0x0/filters:format(jpeg)/pic4604439.jpg,legacy_unknown,,
0b49d2ce-6a0e-48d1-a7b8-fd6329bca4c5,Arboretum,2015,https://cf.geekdo-images.com/XYOn10oXBrDqHySf0jvnyQ__original/img/RMi0pEsP8agfH-tgYkeRGilD3oo=/0x0/filters:format(png)/pic4172124.png,legacy_unknown,,
60ba0ea4-6c87-44c0-9f83-efae30c1ce4e,Blood Bowl (Third Edition),1994,https://cf.geekdo-images.com/NfmeYHtstjGoXtfIy3Cf-g__original/img/KAVGVTPR_LiPs-Ax6orQcoFsIyM=/0x0/filters:format(jpeg)/pic831373.jpg,legacy_unknown,,
ea6313a2-150f-4b53-81d0-ba26e1d4d2a4,6 nimmt! 25 Jahre,2019,https://cf.geekdo-images.com/DFeZsC973xdZ1CKUzmjAUw__original/img/Tq8bVKV-ihLPfFPpf8FjfTpXiZk=/0x0/filters:format(jpeg)/pic4496538.jpg,legacy_unknown,,
d7efaca4-d6a9-46d9-be10-834b26dde1ad,Life of the Amazonia,2023,https://cf.geekdo-images.com/lRk6_QqYHNM0Bb-6pFK7Jg__original/img/DbMI3Mizoyi00Dac6sAinW36LOk=/0x0/filters:format(png)/pic7002853.png,legacy_unknown,,
d740651c-9444-45cb-a8e9-d6b387225b11,Zahlenzwerge,2005,https://cf.geekdo-images.com/pg4h9RmzZHUwU0r80p9Gig__original/img/Mz2WUE7nI8hgALMPzk4xxUgVPPI=/0x0/filters:format(jpeg)/pic5386843.jpg,legacy_unknown,,
a586ec5a-4488-45f0-808d-3293cd6ee857,Archaeology: The New Expedition,2016,https://cf.geekdo-images.com/5fsW7qzvnkg8L0iVx_AM1A__original/img/4EIwkLf_b6eVmziTozPeDKKOymc=/0x0/filters:format(png)/pic2805898.png,legacy_unknown,,
b13491f1-1147-4903-b57f-0807a1e7eacf,Krabbel-Trabbel,2005,https://cf.geekdo-images.com/jzortQHWUQntwRgQfzzkWw__original/img/NoCj6wLHolTDf32VRUpLBU6Dh6c=/0x0/filters:format(jpeg)/pic3325793.jpg,legacy_unknown,,
d57cf181-e7cd-4213-92cf-018315f2c0e7,Unlock!: Short Adventures – In Pursuit of Cabrakan,2022,https://cf.geekdo-images.com/yoPHHVQId8Pd_L6fJzyYwg__original/img/UmMZHsKGx23t-Q6PJja0CheEYzo=/0x0/filters:format(jpeg)/pic7700500.jpg,legacy_unknown,,
ee9218d0-1e15-421c-803f-89bba591ddf9,Space Escape,2017,https://cf.geekdo-images.com/tO6vk8KLA0hNZgnlJzQraA__original/img/tR6W8I-B8IoFskI6nlTwtmhVrH4=/0x0/filters:format(png)/pic6672096.png,legacy_unknown,,
a82eef4f-a844-42dd-ac75-e8e3e8a61934,We Must Tell the Emperor,2010,https://cf.geekdo-images.com/DgiRdA6mFYSFMp-kXSmfzw__original/img/LSgj-k9iU5_rvT-InglF3MteP-U=/0x0/filters:format(jpeg)/pic847142.jpg,legacy_unknown,,
0a80f858-25b0-425e-bacd-98f586fa734a,10 Days in the Americas,2010,https://cf.geekdo-images.com/j5fTkFCNKGe7MaDZsoMu7g__original/img/saWvQSbl4rA79iUrkElijgtzdb8=/0x0/filters:format(jpeg)/pic1229649.jpg,legacy_unknown,,
c9d51ce4-b4e4-4782-8871-fee2ce3e5620,10 Minute Heist: The Wizard's Tower,2017,https://cf.geekdo-images.com/KFvJSZokVUTkLpZCpmEzHA__original/img/kK7WVB1_FLA12GU4HI-IZrNFWEQ=/0x0/filters:format(jpeg)/pic3584961.jpg,legacy_unknown,,
a1449420-b9bf-4159-99f2-c11cee42fa62,Trailblazer: The John Muir Trail,2023,https://cf.geekdo-images.com/niFuEMWOv5avBPRHMCruTQ__original/img/ZocYGO9bpKahYbRe0s8b7V64r_Q=/0x0/filters:format(png)/pic6424310.png,legacy_unknown,,
934f5b6c-0701-4e6d-9df3-c80d749ddb65,Inkognito: The Card Game,1997,https://cf.geekdo-images.com/ObrWfB0VE8vEIhh_xUUUqQ__original/img/9cuaEVhdMDNCNtvlsx4AwN_0lXs=/0x0/filters:format(jpeg)/pic194865.jpg,legacy_unknown,,
5535f520-b63b-49bd-add3-4e438ce05f00,Scopa,1600,https://cf.geekdo-images.com/xL19yZVC6MEcUuyFvLaT5g__original/img/zZ8DQs5y260L73X1-DoWFkoOvrc=/0x0/filters:format(png)/pic8831024.png,legacy_unknown,,
a83b469a-a52b-4a3d-b932-117cff5b69ec,A Fearful Slaughter: The Battle of Shiloh,2004,https://cf.geekdo-images.com/WV1zPsGJxsKJcx0A_aCILA__original/img/apEVd3wD04LhhBFBILPt30MyYrI=/0x0/filters:format(jpeg)/pic434251.jpg,legacy_unknown,,
df31a22a-efcf-4052-9e0b-2245577fa7c2,Downforce,2017,https://cf.geekdo-images.com/c74C-NVJHuMVxt6A_j2TsA__original/img/FHgW4u5dIooEJnNjm2RXcO_yJWs=/0x0/filters:format(png)/pic3432548.png,legacy_unknown,,
2f25bab6-e396-4ad9-8b5a-da84e6a76dbf,Porto,2019,https://cf.geekdo-images.com/wluXjLsnVPwmSLgth-rk2A__original/img/DM8cOdZ5oJbAtwXCfcVD7iKLsCs=/0x0/filters:format(jpeg)/pic4936953.jpg,legacy_unknown,,
0229331e-876a-417f-8df9-58c125af9bbc,Myrmes,2012,https://cf.geekdo-images.com/irYtV0aFZFz-UlhV1uMNOg__original/img/sD1dVazfYaOAnndFaa8VtJxw7EQ=/0x0/filters:format(jpeg)/pic1370050.jpg,legacy_unknown,,
c89d2b0b-899b-4c30-924a-704a92a30922,The Fox Experiment,2023,https://cf.geekdo-images.com/wzvBp42eSal9UrL2EgOjyw__original/img/m59dyylOOw0FrwEWxzCp7g4_Xp8=/0x0/filters:format(png)/pic7557488.png,legacy_unknown,,
dcece0fe-cde0-4e67-b47c-34cdbb311128,BraveRats,2011,https://cf.geekdo-images.com/2ez8PebxqA3cYpsO7hXA0g__original/img/f_rRIsF8IbGUB1wegYrsPx6Y5uc=/0x0/filters:format(jpeg)/pic5208405.jpg,legacy_unknown,,
5f10bb8c-6cb7-443b-bd7e-ad2d8fae4759,Cartagena,2017,https://cf.geekdo-images.com/5n39VU8n-aI3HlTFJHdOkQ__original/img/kDBJFH84hMSAvRW-DnTq7UpCHew=/0x0/filters:format(jpeg)/pic3529183.jpg,legacy_unknown,,
99a28d99-83b3-45f2-93f7-7c3d72f1e2c2,Arkham Horror: Final Hour,2019,https://cf.geekdo-images.com/rUUhbT3IORovtRCveWpYtw__original/img/gilJQpOSMxdDz1n46H2uCAz3u9k=/0x0/filters:format(jpeg)/pic4912015.jpg,legacy_unknown,,
47540e32-8d43-4ddd-953d-a8de51d3ece9,Dawn of Battle,2021,https://cf.geekdo-images.com/nwBpDmRBlx9R5QJmyTrx5w__original/img/sE6xBq_VH8aLXAUSwFQ6dSYjV2E=/0x0/filters:format(jpeg)/pic5362172.jpg,legacy_unknown,,
a9e03496-b8cc-4f9d-84f7-85d931fa23ea,Thunderstone Quest,2018,https://cf.geekdo-images.com/iNbiiQKqSfa4Eoq7U-O4Uw__original/img/xOr7JPv4PnikAfJkvfDS3FRUlhM=/0x0/filters:format(jpeg)/pic3941484.jpg,legacy_unknown,,
2b5e97b9-a1ed-49e9-bf68-3e8a9233d8d0,Waypoints,2023,https://cf.geekdo-images.com/gFm3KK8yK80RcOtDPmlpOQ__original/img/gCiuRU0QJDyiXc3VQTpUFbR4LEo=/0x0/filters:format(jpeg)/pic7510664.jpg,legacy_unknown,,
96c22baf-c6a2-4e5e-900c-c52b5f33cf8f,Gravwell: Escape from the 9th Dimension,2013,https://cf.geekdo-images.com/3SZ3nWQTVHNlXLgk0fl4Tg__original/img/FqVeUj6m4P4ZFysUeyuO9TDESbU=/0x0/filters:format(png)/pic2237646.png,legacy_unknown,,
478c3fa4-d09d-4c65-a903-3e9cb82f27cb,Arkham Horror (Third Edition),2018,https://cf.geekdo-images.com/09KeqyJEtu2qcskbtlOhqw__original/img/H6qePV4xg2vrwXoWcOhAhIZUtSo=/0x0/filters:format(jpeg)/pic5726297.jpg,legacy_unknown,,
0477cf76-4ffd-42b6-bac4-6cb082938517,"Chaco: Bolivia vs. Paraguay, 1932-35",1973,https://cf.geekdo-images.com/EBMRoU3mm1UnTM9d1jPwBw__original/img/8RfPn9nDtBkYt0Aw3Ne8jCodml8=/0x0/filters:format(jpeg)/pic8705325.jpg,legacy_unknown,,
7cc5f3bd-d2e6-4c6a-8c31-9ff98b67fdcb,7 Wonders: Architects,2021,https://cf.geekdo-images.com/BGtYtHbLgYhYyNMoyOm1RA__original/img/05P7xaW8B4ueCvItryBjO5wVA5s=/0x0/filters:format(jpeg)/pic7416525.jpg,legacy_unknown,,
cb0d587f-9135-4b18-aa8e-6108cae1a6fd,CrossTalk,2017,https://cf.geekdo-images.com/OWTqmf6vMiRJAWo99IV5vg__original/img/vV_2JIY28q4vVR_rsx4yqhYfEMw=/0x0/filters:format(png)/pic3326341.png,legacy_unknown,,
68e564e9-12ee-409a-b445-461aa47262d4,1812: The Invasion of Canada,2012,https://cf.geekdo-images.com/X9d9aA-5vMk2QPX3LPUenQ__original/img/oGuX_HKtaKcJYs6JujCN9Unoshs=/0x0/filters:format(jpeg)/pic1107292.jpg,wikidata,https://www.wikidata.org/wiki/Q42576160,
917dd65a-b1f6-432f-94af-ef85c8fb2856,Bonnie and Clyde,2009,https://cf.geekdo-images.com/96Sl7q5_gBDQBus-HPfQTw__original/img/fZDzZG_ZSi_XzTyMIBE9dCcx5bo=/0x0/filters:format(jpeg)/pic426561.jpg,legacy_unknown,,
a852109b-e87b-4dd6-98d4-789c1782403f,Search Party: Chaos at the Park,2023,https://cf.geekdo-images.com/orakGmoQmRzU1ghwSQGLGQ__original/img/VG9DvxzhLaAkxPYKUEm--uHwsRM=/0x0/filters:format(jpeg)/pic7664711.jpg,legacy_unknown,,
3a85211c-3f36-4911-9aa7-72bdd02f9f37,Arkham Noir: Case #2 – Called Forth By Thunder,2018,https://cf.geekdo-images.com/Mqc80gxUSuDWd1qEoeL6lA__original/img/3zSpCkTBnZxg49FNxA-qzlaL7r0=/0x0/filters:format(jpeg)/pic4255476.jpg,legacy_unknown,,
1e5740fc-a843-417a-b4a1-870ce05f20c0,EXIT: The Game – The Forgotten Island,2017,https://cf.geekdo-images.com/MKkrHjarx6m1uLTVWFn1Cw__original/img/h678iny8mQUHrRHMrEPwFzAWCEQ=/0x0/filters:format(jpeg)/pic3663356.jpg,legacy_unknown,,
36986ce1-7f66-4c19-9248-6e48825555d2,Spirits of the Wild,2018,https://cf.geekdo-images.com/3x2kFEjL0qygSNU2w9T0qQ__original/img/je95EGvN9aS1vEbyre5l66YZl3M=/0x0/filters:format(jpeg)/pic5521767.jpg,legacy_unknown,,
51395c55-8a8a-47e9-81f0-1b6a82ce0f01,Yunnan,2013,https://cf.geekdo-images.com/R66QBrIBNczNpDG6cqbgWw__original/img/tYp1pQcR76KngaAn3zcZ0tUMEKo=/0x0/filters:format(jpeg)/pic1783522.jpg,legacy_unknown,,
88906f28-d162-4a40-bfe8-a962c03677e9,Steam Up: A Feast of Dim Sum,2023,https://cf.geekdo-images.com/Y4_BmMKtbr7P5tOaRYtJSQ__original/img/LfOrZWAdcVrvr5MqJ8McEG4eYuw=/0x0/filters:format(jpeg)/pic5934281.jpg,legacy_unknown,,
f6fe1be4-3d42-4089-a6c7-a86cecd42332,Panzer Grenadier: Western Front 1944,1983,https://cf.geekdo-images.com/MgM1QdJ58ZgiMIMhjTZVcw__original/img/cl2M_-wHMaIe_DP9YYgmFoyruiA=/0x0/filters:format(jpeg)/pic67556.jpg,legacy_unknown,,
bbf39e45-02c8-4bfc-a3ac-953998828a00,Mr. Tom,2012,https://cf.geekdo-images.com/6w3TKq6U43s4nLpwB_8UdA__original/img/TGw76P-zkvr-NYD7WA3A9jEonLo=/0x0/filters:format(png)/pic1405845.png,legacy_unknown,,
2b545bc4-af87-453f-ac7f-0200efc6cd1c,Codex: Card-Time Strategy – Core Set,2016,https://cf.geekdo-images.com/tXyBJJJrUAwjTBj15kaSyQ__original/img/7wqn0hcDNh2FpXWTXEL6oylR9yc=/0x0/filters:format(jpeg)/pic8865113.jpg,legacy_unknown,,
6512af2f-b20b-4a5d-8044-a08ad26d5b9d,Ascension: Gift of the Elements,2017,https://cf.geekdo-images.com/N8m8BIsI-7FLXwcBGgqsQA__original/img/g3hwUex7LCdSax3DuepXgjYAVe4=/0x0/filters:format(jpeg)/pic3304438.jpg,legacy_unknown,,
95e89b8b-7f70-4dff-8815-e54b790dcf2f,Cubiko,2009,https://cf.geekdo-images.com/ROP38CtoasIApAthpB2D9Q__original/img/ffKNckdDfWvpvGAu7nhZRFwoEgQ=/0x0/filters:format(jpeg)/pic496138.jpg,legacy_unknown,,
a1800f0d-5b14-42fc-963e-bfe32a218310,My First Adventure: Journey to Ochre Land,2020,https://cf.geekdo-images.com/ps9oNdK6DflaKr_uxgq9ow__original/img/uDbolA7oHMT0SG1Gsp1FVG90AO4=/0x0/filters:format(jpeg)/pic5674790.jpg,legacy_unknown,,
88e53f81-8a34-4817-8457-760ba29f2f79,Wavelength,2019,https://cf.geekdo-images.com/z4fbPdmJg_5yphJEvql4ZA__original/img/bP1gM8RC-o5iz20_WazBaBNDHnU=/0x0/filters:format(png)/pic4552862.png,legacy_unknown,,
a8845030-774d-4a7c-a50c-a93974b78d45,Spot it! Freeze,2014,https://cf.geekdo-images.com/ECF6r8isjchqpuTpsWtPJg__original/img/Do_TIS3lxfqcHN6Y7ows1YnzhMA=/0x0/filters:format(jpeg)/pic8561767.jpg,legacy_unknown,,
7f9adcda-f13b-40a0-acc4-57ccac788549,Pyramidos,2003,https://cf.geekdo-images.com/HbiBioDPIDqNOF2HjG3K2Q__original/img/xTVuQA_BYsHE-vv8x_D9i5AI6S4=/0x0/filters:format(jpeg)/pic375353.jpg,legacy_unknown,,
f7e46bb4-3c21-4d70-98b7-b535d1517876,The Grimm Masquerade,2019,https://cf.geekdo-images.com/xCV0HRT0YIvcIugEP-ZtGw__original/img/DZ-G2sJ789HHZp889EHxtVvHYdw=/0x0/filters:format(jpeg)/pic7493762.jpg,legacy_unknown,,
37bd74d5-22bb-4666-bca1-3ae50a8eca35,1911 Amundsen vs Scott,2011,https://cf.geekdo-images.com/j6NWp8kTkyVQI3cy64Pocw__original/img/aABqn5Wk3rcy1JMOBl53TTbaVPE=/0x0/filters:format(jpeg)/pic5369196.jpg,legacy_unknown,,
ab00d05e-0db8-4d96-89fe-b7c8adc84f8f,"Into a Bear Trap: The Battle for Grozny, January 1995",2004,https://cf.geekdo-images.com/HysSlIGM5c_X6v8mPgwrrw__original/img/lON0eexUzVxEjqDK2HATwCSL5Go=/0x0/filters:format(jpeg)/pic148708.jpg,legacy_unknown,,
b6a508f1-4ae6-4cdb-8f6f-c6d4b1a9c3d2,Bolt Action,2012,https://cf.geekdo-images.com/Yc6QuiMYpgWT7rkO1rPd1g__original/img/q3XNL1y2pV-E50JKDEQfmS9UDQA=/0x0/filters:format(jpeg)/pic3110249.jpg,legacy_unknown,,
ab2572b1-aea0-4ac4-ad27-acc8254faab5,"Supply Lines of the American Revolution: The Northern Theater, 1775-1777",2017,https://cf.geekdo-images.com/pFsl8K4S-TJewUkj8zMiEA__original/img/YHtYi8mfBQl5B-PhBgEcL3uNrBI=/0x0/filters:format(jpeg)/pic3273988.jpg,legacy_unknown,,
c7693225-dcbd-4081-bf5b-8eb407bf0627,Dragomino,2020,https://cf.geekdo-images.com/S_Cpk3j3Z3ceNJBPNg4l7w__original/img/2g1g35Rp3u1tF_8fX3YLpmjIPj8=/0x0/filters:format(png)/pic5212561.png,legacy_unknown,,
3bb8f181-7d3e-432e-8374-0aa0eec009b1,Beer & Bread,2022,https://cf.geekdo-images.com/vPRTRJce1GOsUf6M_dWd-g__original/img/IiugqYTDlz1Rk1EAaEwDxr65YgI=/0x0/filters:format(jpeg)/pic7064178.jpg,legacy_unknown,,
fe4a1ac0-1867-4b8f-ab7d-b998a389f6d2,A Distant Plain,2013,https://cf.geekdo-images.com/-PI0iVHeKyFfjYST0xi9dQ__original/img/SofoqBXs6Ns_1IeqQ-XvpKkYJV4=/0x0/filters:format(jpeg)/pic1733403.jpg,legacy_unknown,,
6d0d4065-9a3b-41ac-9d1d-29c3b2366116,"Malvern Hill: The Battles of the Seven Days, Volume III",1999,https://cf.geekdo-images.com/g94KVw3LbXkVVpQ2Jj0FbA__original/img/fMJpgPm-piSSovr0xf2EX_UpmpY=/0x0/filters:format(jpeg)/pic361373.jpg,legacy_unknown,,
7b2f2628-10e1-4b43-b014-561efa3e0660,1923 Cotton Club,2021,https://cf.geekdo-images.com/mkZuD37KjMAMWLTWTR8cvA__original/img/qDXg_EojqgkU7BpvP_yB6o-KXhs=/0x0/filters:format(jpeg)/pic6233874.jpg,legacy_unknown,,
97ef1016-1d33-43cb-a7b8-42c082e34080,The d6 Shooters,2009,https://cf.geekdo-images.com/sm7SKJldxfesHevY0XoN7A__original/img/JyVzDWbWau_Mz5GXu2KhbaYvutc=/0x0/filters:format(jpeg)/pic556816.jpg,legacy_unknown,,
ab755628-dead-4803-b5a9-565faaa88579,Figure It,1975,https://cf.geekdo-images.com/toW7vRJjzgkPvTnBCL2Asg__original/img/7VWVBD23tnnZaXGAug8UZExA3So=/0x0/filters:format(jpeg)/pic5065417.jpg,legacy_unknown,,
0a284041-7131-434f-a900-992a1aacdc74,Droll,2020,https://cf.geekdo-images.com/sBB1Xs4FDkulz4M1G60VaQ__original/img/yjBPBqvpgQ-CbZzPfh4TRr6ZNoI=/0x0/filters:format(jpeg)/pic5231005.jpg,legacy_unknown,,
df54f4b9-b4ca-4935-9541-f74cfd0e98be,Ascension: Immortal Heroes,2012,https://cf.geekdo-images.com/L-xuJsLMDA-gYDmE12-3iQ__original/img/aOnwAW8RBXzeyWPQn1dMi6MbQxc=/0x0/filters:format(jpeg)/pic1514751.jpg,legacy_unknown,,
8253e7a3-5e10-416f-aa2f-0b82bc152164,Asgard,2012,https://cf.geekdo-images.com/iXUOC-Cd3GKTm927hCxl1A__original/img/Hh7Q7gl4456lD4rhh2-SJyyqbqM=/0x0/filters:format(jpeg)/pic1529138.jpg,legacy_unknown,,
55c4c07c-eadc-44db-8586-875a91840733,Biotopia,2021,https://cf.geekdo-images.com/ztrgLEL4GxOOMaR5cuv8mA__original/img/AaY3LwHpRkRdy-7XtvrZ8gVWNzo=/0x0/filters:format(png)/pic6286783.png,legacy_unknown,,
ab79eb9a-670e-4415-ba56-268848e2e7b7,Field of Glory: Ancient and Medieval Wargaming Rules,2008,https://cf.geekdo-images.com/zb5-scju7Y7dXRUJycfjZg__original/img/GQFBPw-grm7joujcTmocsj4JGFI=/0x0/filters:format(jpeg)/pic6567998.jpg,legacy_unknown,,
05ac008f-5277-4d02-a2b5-50c67fa5ec1c,Ascending Empires: Zenith Edition,2024,https://cf.geekdo-images.com/R9X5WPL_kpxwGKxh6p83Og__original/img/QohfSWcB32EC5wVVE4QdFlYS4wA=/0x0/filters:format(jpeg)/pic7910731.jpg,legacy_unknown,,
88cb8e0d-dad0-4778-aabf-665821da4cf6,Roma,2005,https://cf.geekdo-images.com/5oKjzAev88nMiKNixdrq7Q__original/img/DZY0xpEr60RQ6Ys8UvWmoh4URZA=/0x0/filters:format(jpeg)/pic1167294.jpg,legacy_unknown,,
5e8054df-d68a-4225-b111-2020f073798a,Unlock!: Escape Adventures – Squeek & Sausage,2017,https://cf.geekdo-images.com/bd0-F78utsbv1KEY_B9FyQ__original/img/90MBSvDSDbsfCGW9CM4clHtd2tA=/0x0/filters:format(jpeg)/pic3372429.jpg,legacy_unknown,,
843a5ea3-90f7-4f5e-9dbb-6f775b7b6356,Combat Commander: Europe,2006,https://cf.geekdo-images.com/uKaL10FK-u9wfYyK6MQaNg__original/img/_UDsTX8nCwdsynpoVtzHJHc8h6c=/0x0/filters:format(jpeg)/pic992459.jpg,legacy_unknown,,
7917820b-6017-45a7-a2db-9f557ff6052e,Durian,2020,https://cf.geekdo-images.com/QBwnHLJy8DRV2Mx-ZkB1_A__original/img/_w1yjH6IWzL5doiA6rC54laKO_s=/0x0/filters:format(png)/pic5783560.png,legacy_unknown,,
48a7004e-505b-4550-9920-b90ad23a675d,Ashes Reborn: Rise of the Phoenixborn,2015,https://cf.geekdo-images.com/BxBWqnm98y1qgk9cEmStgQ__original/img/QK9ku5RxaXxttpT_zA4-l-rSIX4=/0x0/filters:format(jpeg)/pic5868255.jpg,legacy_unknown,,
af814c3c-32cf-45f0-8bda-66bf6db3431d,Beethupferl,2023,https://cf.geekdo-images.com/BjwxVPAzNoiRijVz3Ze70A__original/img/86XzIQj1uJR_L4J5zqD3shLIz8s=/0x0/filters:format(jpeg)/pic7332863.jpg,legacy_unknown,,
7ff2d9e7-29e0-4c38-af60-ba2585a8dd73,The Guns of Cedar Creek,1989,https://cf.geekdo-images.com/2xRXugF0VU9hR0TMnq1GGg__original/img/QX8m-hgpSbi5gst6gRmtyzn2W0o=/0x0/filters:format(jpeg)/pic57649.jpg,legacy_unknown,,
49ffdb40-e594-4759-a4bc-989c4e9c126b,Twisted Fables,2021,https://cf.geekdo-images.com/cHgl4bOIvly4eU6GA9CjBw__original/img/QukkqoBMRP1LQ6ACSKx_UXF8czc=/0x0/filters:format(jpeg)/pic5676837.jpg,legacy_unknown,,
f3fbf677-c3e1-4014-a0e2-c2b0284f8eaa,Bullenparty,2012,https://cf.geekdo-images.com/7u3jjYxLjALTl0QCHcA9SQ__original/img/0P9PeKQh6Wr21JkNy9mT_zfu4ag=/0x0/filters:format(jpeg)/pic1197210.jpg,legacy_unknown,,
ab9d3f29-847b-490d-b5de-3d0b7a4d5fe2,Quietville,2006,https://cf.geekdo-images.com/cB55Cu0fs7JTWOGcgXBKQA__original/img/0ObxIgTJI1Vy-S1570lIjI3wbWA=/0x0/filters:format(jpeg)/pic1356415.jpg,legacy_unknown,,
4cf7cd55-816c-400b-83b6-267fd73ba1ba,Tumball,2018,https://cf.geekdo-images.com/TRyjjza-iTUjeTPI0jayBg__original/img/I_9SjhL2hqQ6ZYxaOemMEKDFlLQ=/0x0/filters:format(png)/pic8308471.png,legacy_unknown,,
abd18a23-dcc9-429e-96cf-e700c2c706b7,Black Rose Wars: Duel – Lex,2023,https://cf.geekdo-images.com/C8lE3HPRp3EHgvk2vsxrvw__original/img/QzIfN4rv0rDbjiZXiy5xQ2vRFGU=/0x0/filters:format(png)/pic7653776.png,legacy_unknown,,
67da4977-eb84-4bfa-9985-f3a78b4ee678,Frantic Frogs,2004,https://cf.geekdo-images.com/NdVkV3Xht39CAghqB-N8bg__original/img/o1GWMbuqsFCPfDaqHwaD3l2hpps=/0x0/filters:format(jpeg)/pic1266430.jpg,legacy_unknown,,
e6bbe447-587e-4d55-972a-1934b6fc13b1,EXIT: The Game – Advent Calendar: The Mystery of the Ice Cave,2020,https://cf.geekdo-images.com/prwPkaW1tzOyQVJKQcyF6Q__original/img/8ZREUK7V45zI9Ta-p5UjuURE8rQ=/0x0/filters:format(jpeg)/pic6630226.jpg,legacy_unknown,,
21f2cdda-b574-4ca9-b6ad-756c0fcc9617,Unlock!: Escape Adventures – The Island of Doctor Goorse,2017,https://cf.geekdo-images.com/MdIXMk76IJU3uas2ArDbcw__original/img/Wo0EyUHb-NGxvDR4HNzcbFJScR8=/0x0/filters:format(jpeg)/pic3372431.jpg,legacy_unknown,,
abd5e06e-9213-4cff-804c-4a96be3305e5,Dollars to Donuts,2021,https://cf.geekdo-images.com/Bvtai-3myw46PSe9dmEvMQ__original/img/KuMdX5GITUUejJDoCAxG3sfY8Po=/0x0/filters:format(jpeg)/pic5366353.jpg,legacy_unknown,,
619db08d-272a-4285-825b-909e6fed3f5c,Zombie Kittens,2022,https://cf.geekdo-images.com/uyE342LSf5ztt9gxPY1nVQ__original/img/ZvWIt9cZgnpsTTJRKMd5To2BQXk=/0x0/filters:format(jpeg)/pic7241989.jpg,legacy_unknown,,
7a7eb7d5-a66f-498c-8271-8b5feb25bc4a,48th Panzer Korps: Battles on the River Chir,1991,https://cf.geekdo-images.com/YCGo0CVkt-5ufHiq3YJroQ__original/img/Y3WYHoYNmFEY9gJ87QieVJFSFrg=/0x0/filters:format(jpeg)/pic7315634.jpg,legacy_unknown,,
14d31c33-dfd1-41fb-bb9a-291a0216d1f6,Lys Enfant Finalist,,https://via.placeholder.com/800x600?text=Board+Game,legacy_unknown,,
5b97c62c-e8c5-4035-975c-1a16648f4e55,Band of Brothers: Ghost Panzer,2013,https://cf.geekdo-images.com/B2HdaZ7fCSl4YqXKkqwwdw__original/img/P3DCHDQk_S8lnevm4dvGfzbuvCo=/0x0/filters:format(jpeg)/pic1392887.jpg,legacy_unknown,,
79ab32d0-e6b9-40b8-a1b4-46198e10169f,Happy Salmon,2016,https://cf.geekdo-images.com/qiPO300rG73UqxJvpUe3og__original/img/r-ZepVlPDZRwmxcWJgLA4GpaXfY=/0x0/filters:format(jpeg)/pic7354069.jpg,legacy_unknown,,
d43cc960-cda6-4c04-8060-db85f0a6f542,Mr. Cabbagehead's Garden,2016,https://cf.geekdo-images.com/1xnqvvQMde7Lu5msb2XBhw__original/img/L8E2SgC_sKsRjKCCFPoK9cxEnn8=/0x0/filters:format(jpeg)/pic4092661.jpg,legacy_unknown,,
d803442e-07f6-489d-8e7e-faa7dec274f6,Atlantis,2009,https://cf.geekdo-images.com/YeMqdNsD_C-ONt3q3ZjUBg__original/img/apFPSfi_QZlnmlHtL6yvHkBxi48=/0x0/filters:format(jpeg)/pic583097.jpg,legacy_unknown,,
abe377a8-6dd3-4a26-9808-7abfab51e690,Pring Parents Choice Recommended,2012,https://cf.geekdo-images.com/tULJU4NAi88tTyWxTZSVBw__original/img/2HhMF43i1wanyNnd0CViud9HmJo=/0x0/filters:format(jpeg)/pic1688827.jpg,legacy_unknown,,
39cfe2c5-fa5c-4b31-ad3f-368fedb6c1c8,Memory: The Board Game,2016,https://cf.geekdo-images.com/8ATWe_N1jQkxF10Ebu8TnQ__original/img/DlMN56g0V0F0mG5Mkzj_gHsmjxU=/0x0/filters:format(jpeg)/pic2982436.jpg,legacy_unknown,,
e80b580f-1624-4dc0-8eb6-7d189207528c,Boomerang: Europe,2020,https://cf.geekdo-images.com/3NPm2eKrGWfwe62QSgjCbQ__original/img/flpKL7FiJQj3mvRNNSp0SN_TvIE=/0x0/filters:format(png)/pic5221428.png,legacy_unknown,,
844af77d-b8e1-45cb-91f7-ba6ac05c3e1b,Sagani,2020,https://cf.geekdo-images.com/SvW9cN5oSkHfaU6Znt8hRA__original/img/ugNpPvZxWgGzNyYsd72mSDGlDAI=/0x0/filters:format(png)/pic5410757.png,legacy_unknown,,
ac9374eb-371e-418e-9905-d3ecea8d9c0c,"Linus, der kleine Magier",2013,https://cf.geekdo-images.com/Q4tbWx8J3qBZ8dyAflvqQg__original/img/0gSWR1hqT2c1_dSPN5Cnzdmobfc=/0x0/filters:format(jpeg)/pic1537292.jpg,legacy_unknown,,
991bbbf8-1e52-4fd6-9017-76a10e4e04c2,Rise!,,https://via.placeholder.com/800x600?text=Board+Game,legacy_unknown,,
14fd94f7-a915-4808-8156-b7b674d68d02,Small World of Warcraft,2020,https://cf.geekdo-images.com/KVLeGFlhzRVDHILRABi-Vg__original/img/bxdc4acrih9phJ951CswF5-aCHg=/0x0/filters:format(png)/pic5643225.png,legacy_unknown,,
15c5122e-8e1d-4cf7-a4cc-c2fb139ff446,Food Chain Island,2020,https://cf.geekdo-images.com/_Zj858ai-PlnbTjXnzZBfg__original/img/jjn9pstYb6f0Pow5Qoj8LSoHHfo=/0x0/filters:format(png)/pic5425050.png,legacy_unknown,,
7632dcfd-72eb-47f3-b730-07d9b2637ef6,Arcana Rising,2022,https://cf.geekdo-images.com/FXDfYentfwG-5f7Bui-pPw__original/img/JFaGPGqMLhOzjM12llt9FiQMnZg=/0x0/filters:format(jpeg)/pic5529076.jpg,legacy_unknown,,
884b9c10-14b8-4fb3-9970-feb3adc98d7c,The Next War: Modern Conflict in Europe,1978,https://cf.geekdo-images.com/GoDIFe7rmPztIUnzJOzQxA__original/img/8iyWSQgX10V8xPTBZT0HksVTvFA=/0x0/filters:format(jpeg)/pic6812114.jpg,legacy_unknown,,
e33f3bd6-c0dd-4296-8d1f-54520daabed7,Through the Ages: A Story of Civilization,2006,https://cf.geekdo-images.com/3piN3YX4WmBRuIvbEG2Ygg__original/img/9it-9V5tij-EnowN_pLXQgl6k7c=/0x0/filters:format(jpeg)/pic236169.jpg,legacy_unknown,,
d6547f73-220a-42d8-a783-5c5d238d90d6,Attacktix Battle Figure Game: Star Wars,2005,https://cf.geekdo-images.com/XuSbga7BNBhILz87EMvJVg__original/img/G4XriAKi2EC00gw9SImPC-P4JHY=/0x0/filters:format(jpeg)/pic74086.jpg,legacy_unknown,,
66c08ea7-a026-4afe-9a91-8d8fb21cd5c1,Scrabble,1948,https://cf.geekdo-images.com/mVmmntn2oQd0PfFrWBvwIQ__original/img/11jrKPiOVTNl5NwX83KGtTZEq40=/0x0/filters:format(jpeg)/pic404651.jpg,legacy_unknown,,
7f847f50-de38-47a0-91ca-449f76e84cd2,Relic,2013,https://cf.geekdo-images.com/xNkEajmpE3GudzP5xxOgCQ__original/img/kjzmqkqXJNh4Z8QnQlDwBN2HlIc=/0x0/filters:format(jpeg)/pic1405986.jpg,legacy_unknown,,
7409c273-93a1-4592-885c-463ded17f785,Smash Up: Big in Japan,2017,https://cf.geekdo-images.com/kyXDwTzDIWjtJZun_JCULA__original/img/QpaG2sIpBCkI2efZJKdZw6YJTBk=/0x0/filters:format(jpeg)/pic3406958.jpg,legacy_unknown,,
48fbcbd2-3615-48ea-a0f9-ae368ba2ad99,Rise to Nobility,2018,https://cf.geekdo-images.com/BuBDgepjeEixyYcD4wmfbw__original/img/O7hfUlla5Ysxeh5D1yRD6eCI8eU=/0x0/filters:format(jpeg)/pic4123139.jpg,legacy_unknown,,
acad60f3-6f02-4ed9-b4f0-217a6e01134d,Mamba,2001,https://cf.geekdo-images.com/SCkQ3XZxcnrNe9PSbk30Jw__original/img/hWkuxXvzLZORuVk7B_FOweHeKb4=/0x0/filters:format(jpeg)/pic346409.jpg,legacy_unknown,,
52c99491-3ea8-43cd-8bef-243cf9cc544d,Avanti,2011,https://cf.geekdo-images.com/c294peSl5mDiY1V1wIVRWg__original/img/CFbwSY8JWQmgfsUzZ-2crsUdphQ=/0x0/filters:format(jpeg)/pic977760.jpg,legacy_unknown,,
99808465-63fa-4081-a8ee-f2db1ed87693,"1815, Scum of the Earth: The Battle of Waterloo Card Game",2022,https://cf.geekdo-images.com/VkIyi8D3erGOYmk04s8M2Q__original/img/1Mhi03mhLdo9QyY1Hr-QEN9w-_M=/0x0/filters:format(png)/pic6055664.png,legacy_unknown,,
5f2f40cc-8dd1-49dc-bd76-74758be12bdf,Austerlitz 20,2009,https://cf.geekdo-images.com/Qu5WAQWs2RgW1sVYlLx6GQ__original/img/7WAMGxOcBxrv_FOUiUV0K_q_L_c=/0x0/filters:format(jpeg)/pic494744.jpg,legacy_unknown,,
af3e9b93-3143-45a6-8952-920f54d75a15,Fish to Fish,2013,https://cf.geekdo-images.com/OqLU3GJLw0jgYzwm7VPhVQ__original/img/eUM66uUZ1pZP8PU4M-_019QHKZE=/0x0/filters:format(jpeg)/pic6488472.jpg,legacy_unknown,,
d8e43297-744d-4f34-b187-27b620b01615,Love Letter,2012,https://cf.geekdo-images.com/T1ltXwapFUtghS9A7_tf4g__original/img/xIAzJY7rl-mtPStRZSqnTVsAr8Y=/0x0/filters:format(jpeg)/pic1401448.jpg,legacy_unknown,,
516024b2-2cea-46ca-85c8-3ff6dbe11119,Triumph & Tragedy: European Balance of Power 1936-1945,2015,https://cf.geekdo-images.com/KuJMYH3VVj3BriDYaYvDQw__original/img/voKwWUbutxX0d3OGUaqHERXtb3Q=/0x0/filters:format(jpeg)/pic2497742.jpg,legacy_unknown,,
1eec5cae-66b9-495d-80c8-d0a38b126563,Pandemic: Hot Zone – North America,2020,https://cf.geekdo-images.com/U9OFkdvdz3cKe7d48iP65Q__original/img/zZJwKHM4LoIBQy1_R4cFnwo-Cy0=/0x0/filters:format(png)/pic5483300.png,legacy_unknown,,
2aa2a9b5-e68b-47da-8b60-e16024c9080c,The Rise of the Roman Republic,2003,https://cf.geekdo-images.com/xVsUzA_SQD-RdfiS7iotvg__original/img/Lp7SATz-qqngVWX_g8Qv4QWNMOI=/0x0/filters:format(jpeg)/pic1918101.jpg,legacy_unknown,,
b8b030c3-e730-48d8-91c1-432d0346e2a8,Australia,2005,https://cf.geekdo-images.com/1WKEg1fo5EJpQpMuzgFYKQ__original/img/2KdV4Eoo5trtvcNQ6qslFy5CRqs=/0x0/filters:format(jpeg)/pic183103.jpg,legacy_unknown,,
04992367-9417-40fd-88d7-52ecc19fc090,Expancity,2018,https://cf.geekdo-images.com/e_JVc5oTeZyV2yT-KytG7Q__original/img/mQhBRLvsP8JcYr1X5p7rFczw_ic=/0x0/filters:format(jpeg)/pic4129126.jpg,legacy_unknown,,
c7b1ff97-88a9-4177-8479-87fd2a9ef881,Hand of Fate: Ordeals,2018,https://cf.geekdo-images.com/1oyUsEmAuh3gcShMphkoGA__original/img/vwwEhxrfQg1JEfJ2qMGxHTOwbDs=/0x0/filters:format(jpeg)/pic3542028.jpg,legacy_unknown,,
81af3e43-fba7-4639-82cd-d104af5e1401,Rondo,2012,https://cf.geekdo-images.com/H5NMdGEVs8N829VHnwaQgQ__original/img/dDCchrsinKFIlq27lpzL81ug-iw=/0x0/filters:format(jpeg)/pic1399814.jpg,legacy_unknown,,
e8fabb8e-3d7e-483b-ac42-1ab97849504e,Sidereal Confluence,2017,https://cf.geekdo-images.com/3V1Nmee3P4qSpVmWO9uGgw__original/img/1D98HsjtX5IzcwUMvd-67z1xzKo=/0x0/filters:format(jpeg)/pic4981297.jpg,legacy_unknown,,
bbadf44e-85e9-4300-9399-a5750f17c182,Nemesis: Lockdown,2022,https://cf.geekdo-images.com/NEbmFFGhKwegIryUArgw6w__original/img/YCDNmHN9DiyAnjSvFRen1sjAug4=/0x0/filters:format(jpeg)/pic7110034.jpg,legacy_unknown,,
60354abf-e148-44ca-be13-971d7fe36403,The Lost Expedition,2017,https://cf.geekdo-images.com/W8yjFs_0LaFL7TMg-nxi_g__original/img/KUZ244YDkZpaXtrRdVRcB1TnV2Y=/0x0/filters:format(jpeg)/pic3339655.jpg,legacy_unknown,,
afeca48f-eb1c-4bef-b213-fdce900d33f5,This Town Ain't Big Enough for the 2-4 of Us,2014,https://cf.geekdo-images.com/3OqR1dNLnXXrrs8TRVil0g__original/img/Yb0NSfz5W7TdTagYdaaoZGtBulA=/0x0/filters:format(jpeg)/pic1902918.jpg,legacy_unknown,,
13cc58d9-6b78-428e-b90d-ea6a46155c60,Quarriors! Quarmageddon,2012,https://cf.geekdo-images.com/UJh99Zu3i-vtZuyLKLxtIA__original/img/RURYPMS_f-NwJMmFladJnt3xo3g=/0x0/filters:format(jpeg)/pic1178902.jpg,legacy_unknown,,
ed92d26f-e9a5-4396-bf13-690030ef91d5,DreadBall: The Futuristic Sports Game,2012,https://cf.geekdo-images.com/K0k2M-a6mqFXTSNDFQqSQQ__original/img/U4c12oYjrJQcw8abM5FdK8M66rE=/0x0/filters:format(jpeg)/pic1482200.jpg,legacy_unknown,,
9a2f804d-dbc9-4333-aadd-f906e4e2fe48,Smash Up: What Were We Thinking?,2017,https://cf.geekdo-images.com/SNK7DrV74guq-AT-7e9a5g__original/img/SwT3Rn8cbRhJsfhwwuCEEzQP-Kc=/0x0/filters:format(jpeg)/pic3311945.jpg,legacy_unknown,,
6026d838-df59-47ab-a537-095d5981d610,Guards of Atlantis II,2022,https://cf.geekdo-images.com/CLdVz8XgcQMHAePXFeazWA__original/img/dwL3LxomHtUNhvjqxOz4xoCE4p8=/0x0/filters:format(png)/pic5194254.png,legacy_unknown,,
bcb1379b-37dd-4d1f-9095-93182164c185,Tales & Games: The Hare & the Tortoise,2011,https://cf.geekdo-images.com/MabiuZo226P_M7PO8AJTWA__original/img/9CG7RPtceY_dUzs3XgoInPTfxZo=/0x0/filters:format(jpeg)/pic2688992.jpg,legacy_unknown,,
212cd402-0111-41ec-998b-302e61f85c6d,Die verrückte Tierparty,2011,https://cf.geekdo-images.com/iCTGjURlrnXDztK-1rU8ZQ__original/img/4cxUvITf4daQdZOFSHI3i3LG28Y=/0x0/filters:format(png)/pic1531698.png,legacy_unknown,,
2b8ee3ff-fe85-4a56-b22e-f1af75bdd8af,Tempus,2006,https://cf.geekdo-images.com/HbByF3L0K1SdYldIlOJK_Q__original/img/I5ptZKlYNda-RllUrHfDcdkGTlU=/0x0/filters:format(jpeg)/pic218485.jpg,legacy_unknown,,
128b3225-4dae-46cb-9f37-23a275ce09fb,Jeopardy! Junior,2001,https://cf.geekdo-images.com/r1O_MZKROZFRC-i6GWBjXQ__original/img/WdTve2k3idJWdHeuhRBDzxADikg=/0x0/filters:format(jpeg)/pic1875299.jpg,legacy_unknown,,
aff2fa7f-8ad5-4716-902d-25483b5adff5,Pictopia: Harry Potter Edition,2017,https://cf.geekdo-images.com/4Zd7VymF5VOzyvvsD9hMzw__original/img/Ml9EsQcOHntcoGY8kAauW8eo3TE=/0x0/filters:format(jpeg)/pic3674128.jpg,legacy_unknown,,
474e7139-5b0b-4cb9-a132-2978d7c2d2db,Go Go Gelato!,2017,https://cf.geekdo-images.com/970IA1qF--JQB4C-SAiX-w__original/img/SQAHlr2uI9AXOyDDIHEHGd-VdXU=/0x0/filters:format(jpeg)/pic3363675.jpg,legacy_unknown,,
b01b3e5d-3456-48a8-a175-42aca882ba43,Yay!,2012,https://cf.geekdo-images.com/hRYNmbKMGnwKM0jn5425mQ__original/img/glDJ5YidRyUMBdG0YGLqKYPUivA=/0x0/filters:format(png)/pic1693645.png,legacy_unknown,,
66b1cf1f-de7a-4216-82a9-f24407e62b2b,A House Divided: War Between the States 1861-65,1981,https://cf.geekdo-images.com/rDEIx8OkudXUEjcmJ_8MoA__original/img/PZjGBAyDprKDOBeVeZVbgVCk39k=/0x0/filters:format(jpeg)/pic1261028.jpg,legacy_unknown,,
f5b5504c-663d-40f2-ac8e-0b93fa775f14,Four in a Square,2012,https://cf.geekdo-images.com/0z_SNmwkBwXKH9IH68NiQQ__original/img/sk4cv6C6KyjRtBqf_-u8ne-o6Bw=/0x0/filters:format(jpeg)/pic4653912.jpg,legacy_unknown,,
b05e0824-fefb-4575-a56e-e759bbb8332b,Fury in the East,2010,https://cf.geekdo-images.com/5jvqJTdZvvNsxa8_rY_W_Q__original/img/hpI7rYZgTZXYbgrG_FWFwu5pjxc=/0x0/filters:format(jpeg)/pic1232386.jpg,legacy_unknown,,
2fc0abc1-f9b1-4e96-99cb-2d968a458ce3,Axis & Allies Miniatures,2005,https://cf.geekdo-images.com/JXOo3Ist8gCzRsoLtZR1kg__original/img/uxNgeVJLPN6KiW9IyKGxAWRzPpQ=/0x0/filters:format(jpeg)/pic265018.jpg,legacy_unknown,,
0c29f1f6-1b18-466e-8feb-5f0f3c2c33be,Ticket to Ride: First Journey (Europe),2017,https://cf.geekdo-images.com/4h5FXOAcBbf3Wl4u-7Iwzw__original/img/5id0JsgANKPPssR7Qw0H9fD2nR0=/0x0/filters:format(jpeg)/pic3381772.jpg,legacy_unknown,,
8a4118e6-9ed8-4a82-8c51-9c0278299334,Domitrio,2012,https://cf.geekdo-images.com/0IsbN0YJKzVFjeZ7Zt7RxQ__original/img/rvIfml75bSYcd3jDL7jeYnXv7qU=/0x0/filters:format(jpeg)/pic1607307.jpg,legacy_unknown,,
b0a1c5a2-f773-4210-aa20-762db5fea6d4,Are You the Traitor?,2009,https://cf.geekdo-images.com/4S1CiKBlXdgyco2LxK4JqA__original/img/xDOhdYC7KVEIOlPipOFgv8JFm6Q=/0x0/filters:format(jpeg)/pic591921.jpg,legacy_unknown,,
c0d32092-8953-4802-b753-9bd34e3b8a94,Whozit?,2017,https://cf.geekdo-images.com/BkB4Jzmf2sdES3hNABqBbA__original/img/rGz9UI0LT_GvVlusM1mYqqpGoEM=/0x0/filters:format(jpeg)/pic4574572.jpg,legacy_unknown,,
7cea6307-f451-4a2c-98c9-5045cff46b50,Railways of the World,2005,https://cf.geekdo-images.com/Sz0wLg3TgycpzSvSMdzRJA__original/img/vi7OckGr7HWbTGOkEyxgcCUIfiU=/0x0/filters:format(jpeg)/pic3869603.jpg,legacy_unknown,,
b118e7da-f389-43e3-8664-b8e5c4b644d3,Heroscape Master Set: Age of Annihilation,2024,https://cf.geekdo-images.com/FgCGOjDnw9UTFuCTjZIurA__original/img/U7BgzV33BivJwb8iHeK4xOFC0Oo=/0x0/filters:format(jpeg)/pic8069918.jpg,legacy_unknown,,
8be26d7b-7b6b-42eb-a47a-90ad8d99dc36,Gutshot,2005,https://cf.geekdo-images.com/tg4qrTC192inLqrewiRK6Q__original/img/kU-rAanNjCJhB2YJ6SXH0xH68RA=/0x0/filters:format(jpeg)/pic8859690.jpg,legacy_unknown,,
5f65c238-8f46-46fb-801b-4266c4316002,1969,2012,https://cf.geekdo-images.com/Saa42uVlx9Jb3c_xC_mRYQ__original/img/wGOYSBgLWXfb0NDZTL1jgGk6JKY=/0x0/filters:format(jpeg)/pic1364640.jpg,legacy_unknown,,
1f9013af-98af-4aeb-960b-484bdc12d0c9,Feierabend,2020,https://cf.geekdo-images.com/lGcdFUgSkOp0aBYsE3z1kA__original/img/pMTV_K2hGxCz-ccYs36wGiNj2v8=/0x0/filters:format(jpeg)/pic5435827.jpg,legacy_unknown,,
9daa8c43-eaf8-4ba3-9e2b-d46e8cfd4146,Blurble,2013,https://cf.geekdo-images.com/jLYSnVotwvnz13uinkg91w__original/img/Kqj8xmQlkgW380jLMhPQCJXN9lY=/0x0/filters:format(jpeg)/pic3668955.jpg,legacy_unknown,,
c8119dc1-b51e-486d-aa6e-a2f11fb28307,Ierusalem: Anno Domini,2023,https://cf.geekdo-images.com/TmeInxjp7SV_AtDLx2Kjbw__original/img/LgDPSEdVdADTwtQPfKsQ8a75vVY=/0x0/filters:format(jpeg)/pic7141460.jpg,legacy_unknown,,
b33b857f-5da6-4f76-8c7b-b32f147b4f78,Casino Quiz,2006,https://cf.geekdo-images.com/ldy9Y4v4_uWDC5dWe_6tlw__original/img/16APTGZc2hJsnqQ6rgECxnjdQAU=/0x0/filters:format(png)/pic1919078.png,legacy_unknown,,
b34f9b40-46ca-4308-a5d5-7db1f3bfa9a3,Rpc Fantasy Award Tabletop and Miniatures Gam,2016,https://cf.geekdo-images.com/RGf88Om_NdmR16_PUki4kg__original/img/1W7fFFrFPv4Fz1PCZyJYxgYtC_w=/0x0/filters:format(jpeg)/pic3201733.jpg,legacy_unknown,,
bf8ff643-d69e-4f64-a4ed-81969456647f,Monsters Menace America,2005,https://cf.geekdo-images.com/xNDA287XuHALLqBHjqkhqg__original/img/ic0WyQ9oOgeUtljUOkQval4YRMo=/0x0/filters:format(jpeg)/pic498074.jpg,legacy_unknown,,
a2b66d7b-e24e-4898-a65f-9a0bee27fa4f,Babylon,2024,https://cf.geekdo-images.com/b5iF1K7adpDzl56EgixITQ__original/img/SAqE2M0Mqlrc_5ijZIoe6u8g1L0=/0x0/filters:format(jpeg)/pic8255989.jpg,legacy_unknown,,
084ef711-ae05-43c3-8203-3a82cae5368a,Hitta björnungarna,,,legacy_unknown,,
919c613a-70aa-489e-a1e8-7341d3443ee9,Start 11!  The Board Game,2012,https://cf.geekdo-images.com/-yWY989Qh0P8oVM0Zur-nw__original/img/4FB3mJmlsFMT94oM1fwgEw6PMK8=/0x0/filters:format(png)/pic5268019.png,legacy_unknown,,
74ff5164-3db8-4b6a-a2ca-68467aea68d4,Concept,2013,https://cf.geekdo-images.com/hHFs0_KRoW_FJ0cMIVgZcw__original/img/vbR7Wrdlq4fPcwUE1Ck9CowlJHY=/0x0/filters:format(jpeg)/pic4991925.jpg,legacy_unknown,,
b55cceca-879e-4252-86f4-4d027d858e12,Dice Hospital,2018,https://cf.geekdo-images.com/V6m5SH45BlP6t7-HuGWA-w__original/img/b3B7VSa1WYqfIZhuAj1ClZM9GFg=/0x0/filters:format(jpeg)/pic3562670.jpg,legacy_unknown,,
dce1cedf-6f67-4cbd-9381-58b463769ce3,Babylon 5 Collectible Card Game,1997,https://cf.geekdo-images.com/3T9AhC5h4tMhZkyelLX0iQ__original/img/ir4_4A7JO5RziH9K_xDlcqj7tq0=/0x0/filters:format(jpeg)/pic1720251.jpg,legacy_unknown,,
aa4b4980-d5e7-47d1-85a2-f0557b82ab84,Bananya: The Card Game,2023,https://cf.geekdo-images.com/18XXBjMM0ZnXzhpRxpQPIQ__original/img/FKA3-XO9ZqoIUfC1lZfiMYnRn24=/0x0/filters:format(jpeg)/pic6321655.jpg,legacy_unknown,,
3e67168a-ef8f-46c8-bfbc-61c9440eda2a,Resident Evil 3: The Board Game,2021,https://cf.geekdo-images.com/iCtS5mAMJ4sheTTVWaBoQw__original/img/AJhjmK1kmme_n6jRtjtzDdDq4l4=/0x0/filters:format(jpeg)/pic8195404.jpg,legacy_unknown,,
6aec1306-6aef-4253-a973-16652a5f0322,The Enchanted Tower,2012,https://cf.geekdo-images.com/ob-HUZ7U0MS9mBwUmcE4tQ__original/img/xHqWHZYrWJHXw6fNY8iHkyvb4JE=/0x0/filters:format(jpeg)/pic2303487.jpg,legacy_unknown,,
ba76a78a-f72c-47a8-add2-23572c039534,Super Powered Smash Masters,2019,https://cf.geekdo-images.com/ynx3PGqHovnWEyaY8wtNlw__original/img/zxnkb_ld0WH_YPJ0tZJzey2P7Pc=/0x0/filters:format(jpeg)/pic7098881.jpg,legacy_unknown,,
19e26980-f5f9-4471-bd8b-ad2864682937,Beowulf: The Legend,2005,https://cf.geekdo-images.com/yzCE14S_Tsku1t08uo8jtg__original/img/kwvWaC-DS8qOqT2JTOuRz0zSDCk=/0x0/filters:format(jpeg)/pic359455.jpg,legacy_unknown,,
a141df77-a9db-4cfa-8716-541208edb9ad,Balloon Cup,2003,https://cf.geekdo-images.com/YHPPsc22emFVr-eXHPd_BA__original/img/Tgf9oZJzPw3kKM1lrVNvtjPx7kk=/0x0/filters:format(jpeg)/pic63292.jpg,legacy_unknown,,
a8f011bf-a9e0-4a02-bab9-890cf7b27745,Clank!: Sunken Treasures,2017,https://cf.geekdo-images.com/vnPRRrEtY0erOXrTiK4PEg__original/img/gVkifZKsD5TJ4HKhEISu2LK1OSo=/0x0/filters:format(jpeg)/pic3489154.jpg,legacy_unknown,,
a335334f-5e7e-430f-ad52-3a7fe6f3d51b,Silent War,2005,https://cf.geekdo-images.com/y78cRzmTNq1xE8Ss8FeUZQ__original/img/xo8v8Onc1u9CusBT0l-hykMBZyc=/0x0/filters:format(jpeg)/pic1716642.jpg,legacy_unknown,,
b40380f1-6eeb-478d-8d0a-0d287b15e237,Bloom,2019,https://cf.geekdo-images.com/aKKxz5R2gnrp06UDvkeSpg__original/img/4AXK1OevfpbEqweAeVUZMJbJHwU=/0x0/filters:format(png)/pic4658061.png,legacy_unknown,,
30a48e0c-4bb6-44ab-a76a-c69de424f49e,Shards of Infinity,2018,https://cf.geekdo-images.com/GfQBoqOl21zQx-Vy-dSHZw__original/img/OFsvutVOnXspJgkpSfw27Wx-AmA=/0x0/filters:format(png)/pic4064509.png,legacy_unknown,,
dcab365e-ffab-4753-b303-884dc92ce42a,Catch the Moon,2017,https://cf.geekdo-images.com/aP1eb0AC--mJ2tGrzdbf6w__original/img/ZFXklIfTL9aYL1e5CK_6rmM5VM4=/0x0/filters:format(jpeg)/pic6630227.jpg,legacy_unknown,,
66d87268-accc-468c-b0a0-fb733a42a357,Ghost Blitz 2,2012,https://cf.geekdo-images.com/gZINyKRulzqWyOEEUuR01A__original/img/5i927I6nsNkdXQ9-WCHAp1M-ow8=/0x0/filters:format(jpeg)/pic1855044.jpg,legacy_unknown,,
31874ddf-c3ff-4b63-83cb-ad7beaa1d280,Bamses honungs-jakt,,https://via.placeholder.com/800x600?text=Board+Game,legacy_unknown,,
136c98df-6498-4b48-83e5-9cdfb924fc70,Catapult Feud,2021,https://cf.geekdo-images.com/xGBfcwwpk6qW4FfPryGbBQ__original/img/y0ZhveTgMipzEYr0sqgUicKHz8M=/0x0/filters:format(jpeg)/pic8365828.jpg,legacy_unknown,,
6bdae5be-cb6f-4492-a5c5-307104c5361f,Stroop,2017,https://cf.geekdo-images.com/_VMQRMr2hk2A6lIr_8fHNg__original/img/SlHJjMzLo6ykEJvQ_OwOKC4DBxA=/0x0/filters:format(png)/pic8757505.png,legacy_unknown,,
0099f589-8315-406b-92d0-4984d55d7bb2,Adventure Games: The Grand Hotel Abaddon,2020,https://cf.geekdo-images.com/dKRPsLgTrkFVAwUqU4BBqQ__original/img/pAum8eEQuvv0gpvP7VMADmaH1dM=/0x0/filters:format(jpeg)/pic6210950.jpg,legacy_unknown,,
3011c3e8-b0eb-4c8d-b109-bcc07c876735,Blood Bound,2013,https://cf.geekdo-images.com/ZnoorbruJqquV0NBTk86_w__original/img/FyFuHhmU9aIuLCCbhih3IS-KRHw=/0x0/filters:format(jpeg)/pic3564143.jpg,legacy_unknown,,
b431daa1-bafd-482e-9c78-e8dcfab498a6,Piratissimo,2005,https://cf.geekdo-images.com/_dNh1ZgZ-DsVrpi5pCJAWA__original/img/KMhyE8f9JrkqfwlufYrBQ13ymyg=/0x0/filters:format(jpeg)/pic3059873.jpg,legacy_unknown,,
c6482c60-e048-47ec-8018-0a2ee4aca382,Carnegie,2022,https://cf.geekdo-images.com/0qxz9DRRhsJrIW1TJ-kz0w__original/img/PzsJsCLfGGo4IG3v43VPvH_etPw=/0x0/filters:format(jpeg)/pic5710736.jpg,legacy_unknown,,
a1b6cf5f-2348-40f3-8b8f-634e4766ad00,Imperial Tide: The Great War 1914-1918,2022,https://cf.geekdo-images.com/VAnMSjwuioZKFkKzkedgpA__original/img/fEt3WXiw13-2NDGE1JTkE-u6PW0=/0x0/filters:format(jpeg)/pic5142531.jpg,legacy_unknown,,
be72c009-2e2c-4959-9b30-c91368eb24ae,Conquest of the Empire,2005,https://cf.geekdo-images.com/I5jT92CYGIA6MuoROrsTIA__original/img/TKIdLtb6XYkods_c_0nztnSGJRM=/0x0/filters:format(jpeg)/pic69369.jpg,legacy_unknown,,
2612b9ca-891e-46e0-bef0-1e0fe58a1d42,"April's Harvest: The Battle of Shiloh, April 6 & 7, 1862",1995,https://cf.geekdo-images.com/7yoEqUKXSgvNg33bcE2I5Q__original/img/4CEaLb0Y9p2ZAuN45nyDYtrd2AI=/0x0/filters:format(jpeg)/pic432317.jpg,legacy_unknown,,
8e944847-a595-4e33-b88c-4dfcafecae2b,Papà Paolo,2016,https://cf.geekdo-images.com/fuPrKekvnJh7z8M7P63CPA__original/img/_mafZ24h92Sf2s6_yAsDQ9ec9BE=/0x0/filters:format(jpeg)/pic2960325.jpg,legacy_unknown,,
8636067b-1907-44da-854c-732fbdf57a17,Joking Hazard,2016,https://cf.geekdo-images.com/ohrUtQ0FGHPSFxfSX2Ltmg__original/img/ksIb5Fgrn9Tka1FGVnL8iMlGAjA=/0x0/filters:format(png)/pic6411897.png,legacy_unknown,,
442beeb4-0c77-4cd1-9b71-7edd3d1cc634,Darkest Night,2012,https://cf.geekdo-images.com/Yv9NYq1lEb-RMw6SQAu8yw__original/img/UzcA05-A-H2-vKMSWgXX5D2-e8s=/0x0/filters:format(jpeg)/pic1432663.jpg,legacy_unknown,,
714104e7-2a9e-4d29-be42-f5c0ff7d1e16,Allegiance: A Realm Divided,2015,https://cf.geekdo-images.com/ZYXaNNh9Af4x--pRfL6JEw__original/img/Nahd8XOwBLuzgZwHM-tNFJBD21o=/0x0/filters:format(jpeg)/pic2882097.jpg,legacy_unknown,,
38416972-6bf6-49e0-bf3d-25c749a0c121,Math Room,2013,https://cf.geekdo-images.com/iAtuo6mI_yQBGfibMVcljQ__original/img/0U-F-pMXitEJ_yQ09kdwB6Ob3lA=/0x0/filters:format(jpeg)/pic1647842.jpg,legacy_unknown,,
b2cb0925-98cc-40ca-8369-111433ed1f95,Next Station: Tokyo,2023,https://cf.geekdo-images.com/2lXilYYoalwAaU-DiVN8CQ__original/img/R0cYczenMFvCVjOLuOUpgMyH7cc=/0x0/filters:format(jpeg)/pic7531551.jpg,legacy_unknown,,
0d2f3aad-da05-4acd-8f22-0a1b57a5d7ba,City of the Big Shoulders,2019,https://cf.geekdo-images.com/JImiygpumS35fVxlfsRPXw__original/img/7uft3DL-UNgIE2MQ_B_RbdsBQKw=/0x0/filters:format(jpeg)/pic4223934.jpg,legacy_unknown,,
1930d1ea-8e63-4351-9431-0e2d7e27aeb7,Citadels,2016,https://cf.geekdo-images.com/sHd0jkZZLDgixHjAXtn7kA__original/img/9n76iqzSN06hlbX4DuuPD6fSkHQ=/0x0/filters:format(jpeg)/pic3119514.jpg,legacy_unknown,,
74060362-0233-474c-ad27-8cb871fd84ed,Frostpunk: The Board Game,2022,https://cf.geekdo-images.com/YYfgspTCAgBC0rqbD4U3pQ__original/img/vdnpP4PPsidTc7lBMnBBSujQMZc=/0x0/filters:format(jpeg)/pic7247536.jpg,legacy_unknown,,
776b0032-90f8-44fb-91cc-c3de8a3497c2,Mogel-Monster,2005,https://cf.geekdo-images.com/K6FZ3ipmi9GlOiWnsYfuNA__original/img/ek_mc05LhrGDqG2N_eNYkngh-uA=/0x0/filters:format(jpeg)/pic89779.jpg,legacy_unknown,,
a1e61acc-d2eb-410e-8f95-a0064fb3e67a,Daring Dustbunnies,2019,https://cf.geekdo-images.com/vyYHdX_gBgvJoL9yoM7oLg__original/img/yJPP0T1soSr8jfZVfbtph16yVfs=/0x0/filters:format(jpeg)/pic4744098.jpg,legacy_unknown,,
47e885b4-f820-426b-b4a6-533bab47825d,Constellations,2017,https://cf.geekdo-images.com/n3FX9YkVk1M9oqFO8I6bwQ__original/img/dXapb17PKmY3kQyxLPTsKjZJoLk=/0x0/filters:format(jpeg)/pic5165542.jpg,legacy_unknown,,
b4e08980-737d-4dce-9d61-47e4943572a6,Clank!: Catacombs,,,legacy_unknown,,
c5c914b9-6a5a-409b-a096-33c10d61151e,300: Earth & Water,2018,https://cf.geekdo-images.com/pFIXq0V_PdwI2eq7Ea5GxQ__original/img/QTktMPKVIVaV_CXiFPzWJK_-5aU=/0x0/filters:format(jpeg)/pic5893130.jpg,legacy_unknown,,
b2ce80ca-985a-446c-ad43-593e7e727c8c,Books of Time,2023,https://cf.geekdo-images.com/gzw1ZV2gFTABDpNA7yv9vQ__original/img/DVXG9iB4itKxEzN0e0GoQZG1K5E=/0x0/filters:format(jpeg)/pic7128296.jpg,legacy_unknown,,
748e7524-519b-4291-916c-d5991a569338,Muggins!,1990,https://cf.geekdo-images.com/FaA8h4ameTY4OgnmXB-6Fg__original/img/hl6SreA6pw2T0Mz-TbjgOY8pHBc=/0x0/filters:format(jpeg)/pic73411.jpg,legacy_unknown,,
a76e73f9-4d85-44cb-8968-52ea04179e84,Batman Fluxx,2015,https://cf.geekdo-images.com/8DWVJu5IfMCMwOBb9pV3dA__original/img/PBT2rZK3Zr053pORxSX2le7WqYw=/0x0/filters:format(png)/pic2529971.png,legacy_unknown,,
b4fca957-51ac-409d-b35a-435562bc265d,Can of Worms,2024,https://cf.geekdo-images.com/99zMBLRE4O4ZD-q17FDFYw__original/img/gmJBgeFYgeaznewzBa-jBFGWQAI=/0x0/filters:format(png)/pic8242691.png,legacy_unknown,,
3a54b7ee-d717-4164-ae60-6397aff29b4b,Nocturne,2024,https://cf.geekdo-images.com/3zn6XgGERMbCfj5WpbZGlw__original/img/1F_tJ4W9TZ24PeO73kIQ4hlIVns=/0x0/filters:format(png)/pic8305484.png,legacy_unknown,,
b7deafdb-b9e7-4529-bd71-52ef293c6f3c,Completto,2015,https://cf.geekdo-images.com/tw7ecyM1sRkw4YMzoDKTCw__original/img/Q7ouSblmlnmkFBpnsgSzYib5APY=/0x0/filters:format(jpeg)/pic2602632.jpg,legacy_unknown,,
25860a61-cf1f-4978-bce8-c5cdb170d22b,Like Dice,2012,https://cf.geekdo-images.com/wUaeifoE-MWuuBXb7O5mWQ__original/img/1TVfnifhBjv-kjus2xULNdlCXCw=/0x0/filters:format(jpeg)/pic1435092.jpg,legacy_unknown,,
e65c37ea-bb3d-45fc-bd69-80e26fe42331,Imperium: Legends,2021,https://cf.geekdo-images.com/-6AnQ0BuCM8u1lqAwTe8Rw__original/img/3isy4jQQdEpy8D-JKV2zLxrUjs8=/0x0/filters:format(jpeg)/pic5623567.jpg,legacy_unknown,,
a1fbaeaf-93b1-46b4-b59f-45cc6b3c7225,Easter Island,2006,https://cf.geekdo-images.com/guheaAKRQ-TNmSOBeZw7jQ__original/img/TuTpPUmqo2uRQGQwCRFncC2KCHU=/0x0/filters:format(jpeg)/pic426016.jpg,legacy_unknown,,
c5678b82-d547-41b7-8109-41fb9a1149f9,Fives,2022,https://cf.geekdo-images.com/l6uJCXnBdv5dtxDHEsr5IA__original/img/arhCc8UUvL_nyx5G-JsYsSsJ7SY=/0x0/filters:format(png)/pic9057135.png,legacy_unknown,,
c8425333-205a-4264-8795-16dca0d62191,Legendary Encounters: The Matrix,2023,https://cf.geekdo-images.com/VQ_RzhLK1h4LCJMydltbag__original/img/nvoc9bq8Do8A7wbMmRMEuwGiBrU=/0x0/filters:format(png)/pic7188018.png,legacy_unknown,,
2020a9f2-6245-4e43-a8c5-d7862d870a62,Conflict of Heroes: Awakening the Bear! – Operation Barbarossa 1941 (Second Edition),2012,https://cf.geekdo-images.com/oY9z-0UGzIGoDz5Wc_H1SA__original/img/nhjIaO5oh8zkeb2kLnC0HbmMcwM=/0x0/filters:format(jpeg)/pic1236709.jpg,legacy_unknown,,
3bc4de74-7753-47c9-92c9-dc3000fa436c,Battle Scenes,2013,https://cf.geekdo-images.com/ANxXnN9q_oK4D7u6HFOqmA__original/img/3ZZKLFIdpB8toAR15BlX5cxpvic=/0x0/filters:format(jpeg)/pic1657873.jpg,legacy_unknown,,
2e27a601-702f-452c-9f6d-13bc57b6eff5,Storm Over Taierzhuang,2007,https://cf.geekdo-images.com/aJNWAYJMiDr-DVtPX9p_Bg__original/img/nQh2v6o9cB7STlfnGrspWVTeExU=/0x0/filters:format(jpeg)/pic415299.jpg,legacy_unknown,,
3a721cf6-2b48-422b-b217-6ad6562b3ccf,Captain Silver,,,legacy_unknown,,
b895c7b6-12ee-46f6-9945-70e92c9f25dd,Shu's Tactics,2023,https://cf.geekdo-images.com/bNBkM3Wy-4SMmt9a5YsDyw__original/img/hzOCxguD1Fxqd2e_vdO0_h4yvcg=/0x0/filters:format(png)/pic6883498.png,legacy_unknown,,
73d398b3-cc31-458c-b0c0-e44164d6a136,Roll for the Galaxy,2014,https://cf.geekdo-images.com/nhoyoLpYPC2b3UiJ5kJ0yg__original/img/LoETJCbq1HpSlhPLdci3qJekpwA=/0x0/filters:format(jpeg)/pic1473629.jpg,legacy_unknown,,
f598cec8-254c-4d80-aa89-b8b81b859611,Agility,2016,https://cf.geekdo-images.com/FcFvHNXSxM-wspj9GhvWbQ__original/img/Hpf7TjupPlEW6kIg_tqhpB228wg=/0x0/filters:format(png)/pic2635191.png,legacy_unknown,,
8032d280-2686-4248-b92b-3802de96adac,Gold am Orinoko,2013,https://cf.geekdo-images.com/SLDijp8VpuoS7T6QJ9nHOw__original/img/rz6xyUnDsmQvxm6JT2g_3pI_LSs=/0x0/filters:format(jpeg)/pic1829814.jpg,legacy_unknown,,
246362aa-e33b-4a32-bf47-ca90f30f2d96,Battle For Souls,2013,https://cf.geekdo-images.com/f8LcBa8XVLhT3T1eYoirRQ__original/img/JaA-1VZ7EsCB_Z8eP72r_EF2lbI=/0x0/filters:format(jpeg)/pic3711802.jpg,legacy_unknown,,
52b25d6a-e258-42e6-9e00-1738615484d3,BattleCON: Devastation of Indines,2013,https://cf.geekdo-images.com/fHaLlnlbJPo52qAOYaY4Yw__original/img/wJdi0UGLHvS3IVYK_MFjFlSNE4w=/0x0/filters:format(jpeg)/pic2407334.jpg,legacy_unknown,,
cd4952e0-0d26-45bf-b1de-0e4475f6e0c0,Baseball Highlights: 2045,2015,https://cf.geekdo-images.com/6vlkpViMExKmOvg0CoFXPQ__original/img/96tdeLmdw7kqByX2G8Iumao4W6g=/0x0/filters:format(png)/pic2262580.png,legacy_unknown,,
b8ce845e-3572-4909-9324-8d5c0dedcea8,Duell,2004,https://cf.geekdo-images.com/UzrMRZP_g3rgTCcACKCRXw__original/img/GmcOILgiWiXOmQP4ASR71NdorIQ=/0x0/filters:format(jpeg)/pic184178.jpg,legacy_unknown,,
904b33ef-cda6-48c9-a06d-ba1696fe6cd1,Inventions: Evolution of Ideas,2024,https://cf.geekdo-images.com/aXqSKhZ-J7Xl-TTWRCEq4g__original/img/bAq5DDtsRdguPZjYcnI3VohQ0iw=/0x0/filters:format(jpeg)/pic7032801.jpg,legacy_unknown,,
3f2ebb19-be6a-4c11-bfde-18027c668d81,Star Wars: Destiny – Awakenings Booster Pack,2016,https://cf.geekdo-images.com/B8UMA6rf7ya0HKlDnK8kMg__original/img/oij_21Byz2BlPwbA1xBvux0gIe0=/0x0/filters:format(jpeg)/pic3345621.jpg,legacy_unknown,,
4a0c3a10-7f08-44e2-84b8-522c461ed54b,Transmissions,2022,https://cf.geekdo-images.com/mQ5iuKUNKDdorpkJvGwVPA__original/img/gV_GopktLHS26X7mwa16J9Th5aw=/0x0/filters:format(jpeg)/pic5663973.jpg,legacy_unknown,,
88867082-a715-4dbf-88d5-58a08e76e75b,"""La Garde recule!""",2011,https://cf.geekdo-images.com/8oFaYVwhvI3wT7TXmqGXpw__original/img/wPEL7ojffeujRO4-xm9viTTFWbU=/0x0/filters:format(jpeg)/pic1282970.jpg,legacy_unknown,,
b90f0611-2cda-471e-99d0-58d2fdc57a4f,Stich-Meister,2010,https://cf.geekdo-images.com/Mld1iyDjZln4QxREMtE6sg__original/img/9JWsKENydqbYGS8ZYmJgifY0_7I=/0x0/filters:format(jpeg)/pic797205.jpg,legacy_unknown,,
419a8d6e-bc5b-4387-b669-a55ba8eb6f76,Praga Caput Regni,2020,https://cf.geekdo-images.com/aUPeXVwc40xrgud2XeZwyA__original/img/WbCD6iqzBhVucS7uRwYvtku5zD0=/0x0/filters:format(png)/pic5671087.png,legacy_unknown,,
5fb0eb34-44ce-4ad0-b841-bd5927a711e7,Bubble Jungle,2017,https://cf.geekdo-images.com/uLKkkDYbLJzAe9xMCW7yXw__original/img/X2aYd_GPys3tNi6BrSVG-hPP7Kc=/0x0/filters:format(jpeg)/pic3364384.jpg,legacy_unknown,,
4b9de51c-aaf6-40c8-bb2d-efb9ad4a76b9,Aerion,2019,https://cf.geekdo-images.com/m-pZdErYQlUDZRgH3rT4Vw__original/img/yB9Vg9jnb3ADNkKuRHwU5v-bshY=/0x0/filters:format(jpeg)/pic6863735.jpg,legacy_unknown,,
cb86c4fc-3ec9-4ca7-bda4-4f6af3b02f8b,Pathfinder Adventure Card Game: Rise of the Runelords – Base Set,2013,https://cf.geekdo-images.com/oilW_2LuTedEdM0R2y3_MA__original/img/mI00RqJFHhbrh_YmlimWaXCgjJM=/0x0/filters:format(jpeg)/pic1775517.jpg,legacy_unknown,,
02e25091-fe38-4985-985b-1a38eddf3052,Kaijudo,2012,https://cf.geekdo-images.com/POCowcKgBf5Lyzr6MC9ZVA__original/img/-VhP-C1oQNp346WiHw6_hhSlSJo=/0x0/filters:format(png)/pic1412291.png,legacy_unknown,,
b913990c-be13-44b7-b0b0-40bc38696be5,Birth of a Legend: Lee and the Seven Days,2011,https://cf.geekdo-images.com/vlTXm803sKcBe3lgb4Afzw__original/img/WMeHgjahsJ_M1g6cJZ_TLIeNHNo=/0x0/filters:format(jpeg)/pic886685.jpg,legacy_unknown,,
b91500c2-7135-4ecb-bda8-7e2dacc13f6f,Tyvenes By,2018,https://cf.geekdo-images.com/IZBjVJy0fTZsyrxOgbqxpQ__original/img/y2v0ux9Jwj7wY8nVJXYGsURTM04=/0x0/filters:format(jpeg)/pic4264484.jpg,legacy_unknown,,
c4c081f2-a3eb-4bd2-aae6-66e6116fb7ab,Ethnos,2017,https://cf.geekdo-images.com/UIKUXkcnH3Bd4fjcPGINcA__original/img/IrqDqjjm1LY66Zkw7l4RwppaBBI=/0x0/filters:format(png)/pic3304124.png,legacy_unknown,,
e4b67034-b3bf-43c1-8f33-2b936d6be855,Beda Fomm,2010,https://cf.geekdo-images.com/SYb62sPeP3--vsLW_VIa1g__original/img/Kv9QQuZyUgKUBffCnq2d-hUGZfI=/0x0/filters:format(jpeg)/pic745802.jpg,legacy_unknown,,
ee521dd6-b6ee-43c9-879c-bf2475f41d8a,Sushi Go!,2013,https://cf.geekdo-images.com/Fn3PSPZVxa3YurlorITQ1Q__original/img/5vRsn2TT9eJmq27i9HtLWKpB_xs=/0x0/filters:format(jpeg)/pic1900075.jpg,legacy_unknown,,
9ea8e7a2-c2d8-43b9-960b-7ee753a2b1f7,Alcatraz: The Scapegoat,2011,https://cf.geekdo-images.com/XLd0BYE82k7qn6KsBJuBpw__original/img/Vp7HlM7Qq1LwJoMQlpsV6Yg-kHU=/0x0/filters:format(jpeg)/pic1345064.jpg,legacy_unknown,,
ba34dac9-6c61-41c0-b193-111e932ba1ed,One Night Werewolf,2012,https://cf.geekdo-images.com/teCePgeoQI1onAJuGLwkfg__original/img/3UISk9iA86kWh06iLYYn8VVmAZw=/0x0/filters:format(jpeg)/pic1772885.jpg,legacy_unknown,,
b1e95ae7-f2e7-4e36-9479-7c60fd48ede2,Attack on Titan: Deck-Building Game,2016,https://cf.geekdo-images.com/wRwj5NBz_f6mSVTQUbq8FA__original/img/oHxyFyLWGiGgGcqzBlUOzDzczM0=/0x0/filters:format(png)/pic3062097.png,legacy_unknown,,
608e1d2a-cfa0-4b9f-8c2e-8d026823983b,Bolt Action: Armies of Germany,2012,https://cf.geekdo-images.com/DZ3rkDilrpzn5wHbuf0dLA__original/img/zUUZJFHAsRZVvn5nfynhYptdRH8=/0x0/filters:format(jpeg)/pic4873803.jpg,legacy_unknown,,
69e886a2-c93d-4902-a4fd-f1236e11eae3,Cthulhu: Death May Die – Fear of the Unknown,2024,https://cf.geekdo-images.com/asStsgtyfmFidfGwjrZv9A__original/img/OcWVltP0JuyjNaLLfd0dru16XtI=/0x0/filters:format(png)/pic7155574.png,legacy_unknown,,
349eaf65-9bbc-4c73-943c-f6db1f8dcc78,Disney: The Haunted Mansion – Call of the Spirits Game,2020,https://cf.geekdo-images.com/NhFR1vXQ7l3FAE-AimJQZA__original/img/DiEN3A6Pgi2FdcvHF6NT6SU5jic=/0x0/filters:format(png)/pic5523719.png,legacy_unknown,,
8c20591d-0435-4eb6-b67a-8912a965bf49,"Flames of War: NUTS – The Siege of Bastogne – Battle of the Bulge, December 1944",2012,https://cf.geekdo-images.com/N3uKCpOfktuMnJFk2UmPQw__original/img/59oXs6J-jkRy99rS2Sx_RBRoe5c=/0x0/filters:format(jpeg)/pic1522575.jpg,legacy_unknown,,
3e036fe9-9f7e-47f6-9a1d-4ae6b3bc5205,Space Cadets,2012,https://cf.geekdo-images.com/YTPL0ZG_8Y4EQfiCXZzvrg__original/img/6G5bVTSwnmJY653HyEjO0abZDF8=/0x0/filters:format(jpeg)/pic1362404.jpg,legacy_unknown,,
0c23a555-dd3e-4366-b180-702e3e450b6e,Thunderstone Advance: Worlds Collide,2014,https://cf.geekdo-images.com/OViI7l8j2auXioPpU5wfKw__original/img/M9u_kXyOlJXCv5khZxggp8A0yl4=/0x0/filters:format(jpeg)/pic1888624.jpg,legacy_unknown,,
13ec8b54-4a70-4d58-b1b6-9cb2c0cd5bb1,Valletta,2017,https://cf.geekdo-images.com/mBXXPh7tGmzqToW8D8vaeg__original/img/xO7w-OrIP0dHq6KN5XQ2S5uFPs4=/0x0/filters:format(jpeg)/pic3514287.jpg,legacy_unknown,,
5aba27a2-71bf-4a72-9397-05f9ff8062c3,Pavlov's House,2018,https://cf.geekdo-images.com/eJcLk3a1En2ENBtQFIddiQ__original/img/sFy_vp1VcP79fkVKwxqT5yPCXec=/0x0/filters:format(jpeg)/pic7013391.jpg,legacy_unknown,,
e7206e06-68ba-4bc3-8cc2-193122375f65,Good Cop Bad Cop,2014,https://cf.geekdo-images.com/4EVpaxECrqdKYVtBJnFLeA__original/img/FxbhktE-icFY-fQTbE14-GCa318=/0x0/filters:format(png)/pic3008714.png,legacy_unknown,,
70fa8451-3a40-4576-a498-48c394a7276b,Choose One!,2013,https://cf.geekdo-images.com/ogsjqxhZMPNkZc1NmBB2BA__original/img/IITRSMSFxATmz_Zte-PZC5LWRSo=/0x0/filters:format(jpeg)/pic1800509.jpg,legacy_unknown,,
fa51da0e-9b3f-4f02-a654-64b48fb76850,Werewords,2017,https://cf.geekdo-images.com/4ngyBZXLLKIOdGuUHE7baw__original/img/26CKXFLZQ1sUlUwdu_kJ3E8F4Bs=/0x0/filters:format(jpeg)/pic4415135.jpg,legacy_unknown,,
9f0729ce-eff9-4e4f-b727-7040b12bb1ae,Bet Your Brain,2008,https://cf.geekdo-images.com/bo_mjoujJ6NRhv7i7ac1yw__original/img/mAfXiV8WQb7QL6w0Jgq8Zbbjz1o=/0x0/filters:format(jpeg)/pic1200052.jpg,legacy_unknown,,
38d074d9-fdf1-46d9-b09b-d3c10ce6456e,Caro,2012,https://cf.geekdo-images.com/hgG-pPRRT_VpLS-9BwHYyw__original/img/yHbrpDgU7Zp4DTQJvU6VdkrylUc=/0x0/filters:format(jpeg)/pic8506121.jpg,legacy_unknown,,
2255472d-e156-46dc-9353-93b31461e7f2,Tudor,2018,https://cf.geekdo-images.com/VN3vp3ovOPsqaiNjqvdDBA__original/img/dniOod9ZfV_bzR_S6Y5lsqjSKKc=/0x0/filters:format(png)/pic4126652.png,legacy_unknown,,
988ebfd9-1d1c-427f-a408-881fb1498d91,Bellum Magica,2021,https://cf.geekdo-images.com/p59a3uQboEBoW2SQuqe41w__original/img/hSsIPjcCqtBblz_bDdoAUhnDwAo=/0x0/filters:format(png)/pic5970290.png,legacy_unknown,,
86ce30c9-9ba7-48fa-b94f-46267e2a7725,Automania,2015,https://cf.geekdo-images.com/fPIcD46QczD1Og8EUafUTw__original/img/WlD-PrL3ETDG9JemVquElolw2Gs=/0x0/filters:format(jpeg)/pic3749920.jpg,legacy_unknown,,
5c430f37-e732-46c4-8512-faa6664ef8b9,Tokaido,2012,https://cf.geekdo-images.com/7kLkx3k3ovL8fP-2krPqwA__original/img/NWuaZkfygEeQ7nvi0Ih7_FW9jO0=/0x0/filters:format(jpeg)/pic8758132.jpg,legacy_unknown,,
fe48ba61-6456-431c-9283-2983cf8eef15,Cash-a-Catch,2007,https://cf.geekdo-images.com/FSUw-KZcS-eMapHkP5nWFQ__original/img/94ircINXxEJHevqunjWrLeJLkAM=/0x0/filters:format(jpeg)/pic7084489.jpg,legacy_unknown,,
0bdaff64-fa1c-4362-b641-10037450e636,Arydia: The Paths We Dare Tread,2025,https://cf.geekdo-images.com/GGXq2lRAJCtS1yPPPmdVKw__original/img/EN7iqByTarLfTC4XmZ_A0CQB_1E=/0x0/filters:format(png)/pic6205610.png,legacy_unknown,,
bc6c1aef-7000-4f29-ad39-3b67af813755,The Doomed,2023,https://cf.geekdo-images.com/mrw3dEN7-Q3Opwem4SqDPQ__original/img/MURjyUdCa236w0FOzJzBWUSiQ_8=/0x0/filters:format(jpeg)/pic7430979.jpg,legacy_unknown,,
5051446f-a3fa-480b-9def-c13bdf8da55e,Samurai Sunset,1990,https://cf.geekdo-images.com/OvGSJYDjUm4lrVTlM2oYlg__original/img/5CdoZ4Qwuk4CnCV1kqDzB50-cwk=/0x0/filters:format(jpeg)/pic27300.jpg,legacy_unknown,,
f980750d-4e52-4738-85ae-522d70017db1,Bauhaus,2013,https://cf.geekdo-images.com/Cx5IU1yJux8bU3T27GrQaw__original/img/f_EDJYRTNMmTIwY2eGty9VTB6is=/0x0/filters:format(jpeg)/pic1489147.jpg,legacy_unknown,,
bca5c2bb-445d-4298-816d-c2967f83a5d7,Next War: Vietnam,2020,https://cf.geekdo-images.com/jC2EP1eHNWjhCXB5hpCTIQ__original/img/k0hnVzXvVivLWU7Ys0IonQSBpM0=/0x0/filters:format(jpeg)/pic5507657.jpg,legacy_unknown,,
73abb8eb-a66f-44e2-bbfd-cb26800bde1d,Endangered,2020,https://cf.geekdo-images.com/Pta2XLIzcgAS5IQ0V4AKIw__original/img/qu79pgPWmd9JO-TnmdjAvEz3lwc=/0x0/filters:format(jpeg)/pic4167562.jpg,legacy_unknown,,
002cf917-8080-46e9-8e0f-747d681f2fd0,Entdecker: Exploring New Horizons,2001,https://cf.geekdo-images.com/CbZfZ45j52YzOr8LMAFbAw__original/img/ulOnZ5aphtawlwQQpuBl7lX6ooc=/0x0/filters:format(jpeg)/pic174422.jpg,legacy_unknown,,
7e24fe58-b629-4a2f-ba36-783afc4243ec,Garden Dice: The Card Expansion,2013,https://cf.geekdo-images.com/GUMa730uY0mqxO5t7Hh6Yw__original/img/kab1VLaKC3j8ZLckxsX96ji6WcQ=/0x0/filters:format(jpeg)/pic1642200.jpg,legacy_unknown,,
bcf58766-1094-4161-9dee-33e4070b23f6,RuneScape Kingdoms: Shadow of Elvarg,2024,https://cf.geekdo-images.com/u6BAJM-q3w5uTs3QAqbmrw__original/img/p8zn3ROW55R8-1C0jRGL6z22HbQ=/0x0/filters:format(png)/pic6882637.png,legacy_unknown,,
c0797e55-c641-489a-836d-bead39e9599f,Monster Expedition,2020,https://cf.geekdo-images.com/ruLFJuw2tx3R0t_OQZGsvQ__original/img/nuPaQ8x4WD-QFGzEn69-8CpTVg4=/0x0/filters:format(jpeg)/pic5575726.jpg,legacy_unknown,,
9815e9eb-7ae7-4e62-b249-26fd79308136,Byzantium,2005,https://cf.geekdo-images.com/2l4uoBMTCbyUTWwJoksogA__original/img/qBDyOfLrya9VBftltDQj-32jdbc=/0x0/filters:format(jpeg)/pic93883.jpg,legacy_unknown,,
3364d589-7709-43c8-ab2e-7113f6ab2a89,Cat Lady,2017,https://cf.geekdo-images.com/tnx6ExxyUmIlga9tFSrR6g__original/img/RvwGz70uylQGeBYErRTWwP1Gr9M=/0x0/filters:format(jpeg)/pic3864115.jpg,legacy_unknown,,
bdac6d8c-f58b-4719-8468-adf94669a051,Prime Climb,2014,https://cf.geekdo-images.com/enzmgmAqhFqTa4fRPucLQw__original/img/51ijsir_b7B2gQkBTvp7c75qdYc=/0x0/filters:format(jpeg)/pic6114005.jpg,legacy_unknown,,
47744366-14aa-4498-9d00-6da7c3e12cf7,Mini Curling Game,2012,https://cf.geekdo-images.com/Tp1jnKdGYl50A-eiUNSpvw__original/img/LNH4jLb8hgoJoLzJxoQQQ-8Vbno=/0x0/filters:format(jpeg)/pic1508779.jpg,legacy_unknown,,
39a76e02-2bda-4d08-bf21-908c6be324c0,Cloud City,2020,https://cf.geekdo-images.com/67-fm8SzCD8JWbNdzqNTSw__original/img/D7x1pEldrxs2yblAOfF5jzEB5m0=/0x0/filters:format(jpeg)/pic5528619.jpg,legacy_unknown,,
ff7592ff-c411-49c3-87dd-5e23e67ad2b6,Summoner Wars (Second Edition): Starter Set,2021,https://cf.geekdo-images.com/7HqcikGcx8K05T4DfDH3Ug__original/img/urBqF8SyHwkc9aOZGYOoHnmqtQ0=/0x0/filters:format(jpeg)/pic6279190.jpg,legacy_unknown,,
6901a339-d8b7-46f2-a706-77e78f715741,Loopin' Louie,1992,https://cf.geekdo-images.com/e9CWevSJC03NzLybnCKEVQ__original/img/FZ8ti8jTLQPuHuQHWDt0hE6YHDs=/0x0/filters:format(png)/pic4025029.png,legacy_unknown,,
a04ef694-7299-4f25-a9b2-759bbd694159,Guilds of London,2016,https://cf.geekdo-images.com/T4uNtrQucW_V5SaQW9jA8w__original/img/sWj48wnM9bzz1GnksGgKkQUqdL0=/0x0/filters:format(png)/pic2958283.png,legacy_unknown,,
c336cd1d-fd6f-4d41-af06-9dd183f293c9,Big Points,2008,https://cf.geekdo-images.com/xjQ0i746kaYzOC-4wwNNPQ__original/img/8JhDqNJWGOGZfpVSobjMRb2iUyw=/0x0/filters:format(jpeg)/pic290867.jpg,legacy_unknown,,
be16780a-9d3d-402c-83c1-b5bcbbde6cc2,Bim Bamm!,2012,https://cf.geekdo-images.com/ozwQtT2IHHP9OvwXqVd7mQ__original/img/RH3kO74gSzuzPdY-aFum4psoLcQ=/0x0/filters:format(jpeg)/pic1489040.jpg,legacy_unknown,,
8b42ffb2-fb45-4099-92bf-53f6954f66d2,Gartenbau,2022,https://cf.geekdo-images.com/yJlJAL-th197Z10Tu4FlCA__original/img/58E_JDdZalF7s81WrXOWPuep-nA=/0x0/filters:format(png)/pic7165676.png,legacy_unknown,,
8359aecf-8dcd-44db-9b48-cb48e41c8dd7,Nika,2014,https://cf.geekdo-images.com/mVLqZLmFGhj_erI6nqUc9A__original/img/u9GUXcgR8OZOvN7sHBkncHuSMDw=/0x0/filters:format(jpeg)/pic1905264.jpg,legacy_unknown,,
bdef1cf7-896e-4349-abb2-536055e6b1da,By Golly!,2001,https://cf.geekdo-images.com/64utBjppQw0iF1kn4GgFfQ__original/img/KFnZ7Ma84iBVkB9fmuWGkHOdiWw=/0x0/filters:format(jpeg)/pic510384.jpg,legacy_unknown,,
aa3f3ba0-7825-4296-a9ed-2a9a4fbde05d,Da Vinci's Challenge,2004,https://cf.geekdo-images.com/BraS3HX2ZKoKz7w5XGdDiA__original/img/qbYD5ZJj5G6QiCL-d7P_nsapJDY=/0x0/filters:format(jpeg)/pic95714.jpg,legacy_unknown,,
68e69800-3489-423b-aa5f-73923bc38dfc,Napoleon's Triumph,2007,https://cf.geekdo-images.com/NTO-71GWQCPtfms6thu_yg__original/img/ggBLDujij6IRGZg0PoMRgBdoC4g=/0x0/filters:format(jpeg)/pic291050.jpg,legacy_unknown,,
41152c25-3513-4895-8b79-6bf8198b49e4,Empyreal: Spells & Steam,2020,https://cf.geekdo-images.com/fiJF4WREbSEYJtRgb7BZ_A__original/img/d4TrD5oWjaIhMaADo17AaSy_iQY=/0x0/filters:format(jpeg)/pic4097900.jpg,legacy_unknown,,
727eecdf-e240-4c9b-8658-b30cb9b5b93e,Amul,2019,https://cf.geekdo-images.com/MUv5NahPYX16NbrFgmzg0A__original/img/0h1NPwx34VDezWBqpW4JBNbKHp4=/0x0/filters:format(jpeg)/pic4810206.jpg,legacy_unknown,,
be5e956f-739e-4fea-81c7-24b3bf78758e,Pring Parents Choice Recommended,2010,https://cf.geekdo-images.com/UniADsLH6W3KGYV5A_vI9g__original/img/5KYVCCndGBkMMv6pe9LfZRAC07k=/0x0/filters:format(jpeg)/pic693239.jpg,legacy_unknown,,
be6f581a-8019-4107-99c6-2c79300eac72,Firefight: Modern U.S. and Soviet Small Unit Tactics,1976,https://cf.geekdo-images.com/hjKP7cfBcbyyyVf0QHW_Ow__original/img/HGc2pF5MPPIPX7nHnEEMf99Sj4c=/0x0/filters:format(jpeg)/pic822503.jpg,legacy_unknown,,
b9d9d89f-f3a4-4474-8646-956a1c537458,Ancient Knowledge,2023,https://cf.geekdo-images.com/EDJ1Xynm6XjAKeG-q2B85A__original/img/fjmKvrqL1EfIvWltRy1vw49Jf58=/0x0/filters:format(jpeg)/pic7600216.jpg,legacy_unknown,,
25d9172b-00f8-4ce1-a77c-832081592720,Red Christmas,1992,https://cf.geekdo-images.com/PaulK4CoszlVno5S6w9m2g__original/img/oFZuHksHQrkfvwj97s-CjuGdhVM=/0x0/filters:format(jpeg)/pic98157.jpg,legacy_unknown,,
be7bbfeb-0a33-4385-b0f5-546291a76c41,Aethermon: Collect,2023,https://cf.geekdo-images.com/j5AivvvmA99XIvevW-Bagg__original/img/bvfubdgROTrzCWeoj446IzaJGqs=/0x0/filters:format(jpeg)/pic7535425.jpg,legacy_unknown,,
fbf0de34-149b-4459-95f5-b7d9254861b3,Mechanica,2020,https://cf.geekdo-images.com/4jd6UEfHxX_nkwoQLyWwhg__original/img/gvNyjl0bNqHSH0ajanmHVG2e1Mo=/0x0/filters:format(jpeg)/pic4563955.jpg,legacy_unknown,,
185f425e-570b-4ce8-a082-644357652296,Amsterdam,2022,https://cf.geekdo-images.com/BD9dnn5PW2pQz4xKVMpvMQ__original/img/7dWbVEYM_w_-7YyNF7W_hLKj1IQ=/0x0/filters:format(jpeg)/pic5536136.jpg,legacy_unknown,,
0595a7b3-cbfd-4e4d-b01c-da3ce21d82fa,Word Winder,2012,https://cf.geekdo-images.com/Z9HwomPPJJH__IqibrRAZQ__original/img/c_kpN-ONz82ldTJrtbWpDdBWctw=/0x0/filters:format(jpeg)/pic7147539.jpg,legacy_unknown,,
9471913a-9cec-46b2-99fe-c4db528d3b94,CardsLab Countries (Third Edition),2018,https://cf.geekdo-images.com/2LdFAv2UCtcHT70GZeDTIQ__original/img/GJjDtKS2XifbRMiM8Y-rtpriC4Q=/0x0/filters:format(png)/pic4426714.png,legacy_unknown,,
deec2678-1ac0-47f9-a995-fd05b15a9a04,Blitz Bowl,2018,https://cf.geekdo-images.com/4-ypdTJqlnfH5-OvLC1qTg__original/img/PREn-_deMZM7ZVqQ0PxwwsSBE1s=/0x0/filters:format(jpeg)/pic3999734.jpg,legacy_unknown,,
bef0ba02-23ae-45bf-b434-fd1e51960aa0,Utópolis,2022,https://cf.geekdo-images.com/Ve7eQwNPWF-uNcs1l7PQXg__original/img/HXHDBgHzHrr3XR_TLEuy0ADpYCY=/0x0/filters:format(png)/pic7199027.png,legacy_unknown,,
324d3b90-df82-41b3-91bd-2e1d9903e225,Dungeon!,1975,https://cf.geekdo-images.com/fvhkcw4s6Q4-nMwwok1J6A__original/img/WJFmTRWQRzOInBnWAjH39F3RyMg=/0x0/filters:format(png)/pic6569894.png,legacy_unknown,,
5dc8aa2f-5a0e-4c3e-84af-bc60d623fe48,Kingsburg,2007,https://cf.geekdo-images.com/pHFQxD8va6vOrrNfazVzsg__original/img/LKINGoSbAufYYSAElNZDOubbYZg=/0x0/filters:format(jpeg)/pic253057.jpg,legacy_unknown,,
fbe42af1-fe06-4637-a862-74a9e915e80b,Auf die Nüsse!,2012,https://cf.geekdo-images.com/sUjNrmkSdJqIUvbivLsw4Q__original/img/bsm-SKeZGQ0wSyaCbNAdOAm7XB8=/0x0/filters:format(jpeg)/pic1410374.jpg,legacy_unknown,,
464e3679-58dd-4325-be65-33660f776dc3,Parthenon: Rise of the Aegean,2005,https://cf.geekdo-images.com/3F2cwRctfeu8Uvj-juaRxA__original/img/Y78pzJvt6bb2XagEFo6T9DZu-yc=/0x0/filters:format(jpeg)/pic81123.jpg,legacy_unknown,,
494d8863-2a95-4ba6-847a-01755dc5bf9c,Mimose & Sam et le Voleur de Fruits,,https://via.placeholder.com/800x600?text=Board+Game,legacy_unknown,,
bf0c0eb8-c0c4-41e0-8003-fa56434ce647,Triad,2018,https://cf.geekdo-images.com/bVMEK-NjIJr2mgBUx9dzYQ__original/img/HUNfoScfR3koGtTi_-6FDxgHco4=/0x0/filters:format(jpeg)/pic8500076.jpg,legacy_unknown,,
62bcc88a-46a5-4492-b457-57160474cdfe,Embarcadero,2021,https://cf.geekdo-images.com/jV72XwO00n0qeL3xsnd-_Q__original/img/ZTPCca6tbokLWDBGUX5R-eKbr5g=/0x0/filters:format(png)/pic5549748.png,legacy_unknown,,
fabfaa49-55c0-4253-9914-57bc2152e061,Gods Love Dinosaurs,2020,https://cf.geekdo-images.com/0-D0fyKt7-_WzmuGGqN-Ag__original/img/m88IsXxkz--N2TXG2OHhQPlXnVw=/0x0/filters:format(png)/pic5585737.png,legacy_unknown,,
2894ec2b-dcb2-46e0-86a3-7d500650c415,Blackout: Hong Kong,2018,https://cf.geekdo-images.com/jOLEKfuTY4gLszR1h-0Bfw__original/img/MdeUWXhaqOaDwYULBIWER5vBKTA=/0x0/filters:format(jpeg)/pic4338675.jpg,legacy_unknown,,
bd0b1b97-9493-4e57-b2d7-4c7553f50b8a,Warmachine: Apotheosis,2005,https://cf.geekdo-images.com/CVgYN4ZF1tvLAJTbtX0E9Q__original/img/jfAjp1x8TVYAJIaOgb0XZUJAFE0=/0x0/filters:format(jpeg)/pic255581.jpg,legacy_unknown,,
3459c5a8-6c4b-44cf-8364-cfdc01e88e4f,Baobab,2012,https://cf.geekdo-images.com/_DVrZSL9GqJHCKiUfAeTHw__original/img/C9d52c-gMLSIEypFZd-2eGYefsc=/0x0/filters:format(png)/pic3363649.png,legacy_unknown,,
bf9373bf-3876-4045-9a61-990739d17a87,Fiery Dragons,2006,https://cf.geekdo-images.com/zRviv9Cr4feD4w-WEpaEig__original/img/m7p6o-3DZ1oISDnRJ4YFSDL24oU=/0x0/filters:format(jpeg)/pic3490698.jpg,legacy_unknown,,
f2f946ca-e6e4-4e93-8c0f-d99a3a44b3d1,Zurmat: Small Scale Counterinsurgency,2022,https://cf.geekdo-images.com/ul0r9ti0PBnE4b2iFVes0A__original/img/2mhx7ndNjSYFfQQv59obh9qY_aw=/0x0/filters:format(png)/pic6596114.png,legacy_unknown,,
bf96351e-16a7-4faf-b187-699e3baed7d3,Time No Time Junior,2012,https://cf.geekdo-images.com/lWx9G3iH4Y2SBuw-Yy5mOw__original/img/X11xTdkwTRXTj58qslCxAEdx0CM=/0x0/filters:format(jpeg)/pic1468394.jpg,legacy_unknown,,
2039924d-5cb2-4e50-8a91-6cca6a63b508,Santa Cookie Elf Candy Snowman,2019,https://cf.geekdo-images.com/bKz1dUjst215Dl1Qe5Z-Vg__original/img/R0_Ivs4NabEwPwMDomVxM3Vjkcc=/0x0/filters:format(jpeg)/pic8651795.jpg,legacy_unknown,,
e5eb676a-e8f9-40b3-867f-193919cbda8c,Fairy Tile,2018,https://cf.geekdo-images.com/RH3a82GuQKFR2thWHr9aLA__original/img/4jGCaM03qwtGYF6HAUPaqzrE6-k=/0x0/filters:format(jpeg)/pic3780045.jpg,legacy_unknown,,
0ef083ea-e46e-4b4f-bbd4-e1a395449f9a,Bloodborne: The Board Game,2021,https://cf.geekdo-images.com/clKFvn2bUUPbY62eSmc-ig__original/img/Ftulo3vFiGUJaRsW9TOif-ViyDg=/0x0/filters:format(png)/pic4757839.png,legacy_unknown,,
cf4877a6-cef1-4a79-a7b3-5158abfb6e8b,The Night Cage,2021,https://cf.geekdo-images.com/txQ7QzbQz89AO5BmVv7OqA__original/img/sj4Qg_VXKyNZFLftFjRv7p4-RKk=/0x0/filters:format(png)/pic5331288.png,legacy_unknown,,
8e0bf60e-6ccd-4aa3-bfc3-16f912d19fdb,Stationfall,2023,https://cf.geekdo-images.com/eUiju5SqZbkNt8gnEofrTw__original/img/Pq-vuK7-kGMs_pcZdFIeldHNLlU=/0x0/filters:format(png)/pic6035127.png,legacy_unknown,,
0c7a94b1-e190-47e4-adeb-56b2c3101cf3,Blue Moon,2004,https://cf.geekdo-images.com/6Ao12l2jSf8F8ZufO4DEHg__original/img/DcusAHDupSMnyo2deskmW7RIE2k=/0x0/filters:format(jpeg)/pic174185.jpg,legacy_unknown,,
6eed6bb6-f3fe-4d69-9f7f-6a0f6b0323fc,Rajas of the Ganges,2017,https://cf.geekdo-images.com/hR5sxxqNY3gjvLwifaqRww__original/img/kaXHOjBJX-URkjTjhQUhFl7E8Ng=/0x0/filters:format(jpeg)/pic3646165.jpg,legacy_unknown,,
edee1930-90f6-43de-a272-e52400ab414d,Darkest Dungeon: The Board Game,2022,https://cf.geekdo-images.com/cAbBcdHWIrAMgqtQ3ckSeQ__original/img/N8f29LHeN7CG2oxKKjq7VveygzY=/0x0/filters:format(jpeg)/pic7476829.jpg,legacy_unknown,,
6e08a706-c0ac-4bef-afb5-066a516e9de3,Cooper Island,2019,https://cf.geekdo-images.com/YDY6ZHqdRyDMvpfQO_jV7A__original/img/A11s0hdDTIG32lwT3d_7NLMHmM0=/0x0/filters:format(jpeg)/pic4853982.jpg,legacy_unknown,,
fef034bf-b70a-4690-a6ec-20883802e757,18MEX,2005,https://cf.geekdo-images.com/kljuOsbQ9yxs2tHTguxUyA__original/img/VpoCa8QqJ9S9C6g0uKpDsOzvWF0=/0x0/filters:format(png)/pic4895018.png,legacy_unknown,,
69d4035d-96fa-4c0d-a6e5-93aa6e3ad021,Songbirds,2016,https://cf.geekdo-images.com/sTcB6_T2Ur2Im1sZuSnvxQ__original/img/wiJQ5vCmy4X-JAa4uIaKDAlTh7c=/0x0/filters:format(jpeg)/pic4025733.jpg,legacy_unknown,,
7e18d360-51c6-4845-bd51-34e36b687970,Call to Adventure: The Stormlight Archive,2020,https://cf.geekdo-images.com/AZFSmsj-ACtob63KPcKCtg__original/img/C7JUOKEuPoTEXixkvS5rC5cYa-4=/0x0/filters:format(png)/pic5532947.png,legacy_unknown,,
132f0f38-7931-4168-9185-3e927f9ec360,Colors of Paris,2019,https://cf.geekdo-images.com/j16Xrf08-toGYZ04HqLoNw__original/img/TA3aM9Uxs2uiSiwjyvJiEk_7UWc=/0x0/filters:format(jpeg)/pic4804321.jpg,legacy_unknown,,
c370dbd7-3f9a-4bcd-9553-9fae653fcc55,Bohnanza: The Duel,2016,https://cf.geekdo-images.com/84wf0HVzM4mlP-PMwsTWpA__original/img/QW43aS9eFAk010OGn3tT3xtf6bk=/0x0/filters:format(jpeg)/pic3528706.jpg,legacy_unknown,,
0601900b-bbbe-4b68-b44d-e8e0f8b10271,Ombagi,1980,https://cf.geekdo-images.com/7pZ78jRGrEOtS92EOfNpuw__original/img/7npCL4uZyJAOde-RdgRkraNHQIA=/0x0/filters:format(jpeg)/pic80150.jpg,legacy_unknown,,
dbaf93af-516b-47c3-b5e5-1931745866bb,Birds of Prey: Air Combat in the Jet Age,2008,https://cf.geekdo-images.com/PwtGjwYkkMCzBYESI5PVGQ__original/img/QFay_-hxSgDrKpP_DAI-3F8DdS0=/0x0/filters:format(jpeg)/pic301949.jpg,legacy_unknown,,
826c7ebb-2753-40e0-8fb4-f7db7b764574,Frank's Zoo,1999,https://cf.geekdo-images.com/w6d3l6nVyd8M8PR7veGPig__original/img/FlrwMOMhU4W3NQ8Uc-GEXSR2zPs=/0x0/filters:format(jpeg)/pic8968641.jpg,legacy_unknown,,
422bd741-3f29-46a2-8240-aa8f910ce203,Age of Civilization,2019,https://cf.geekdo-images.com/YgJq8cRIW8RbjW_lHVnZAg__original/img/rWUV6KtXGQ_wg51GmaB-1GOG2ig=/0x0/filters:format(jpeg)/pic4403459.jpg,legacy_unknown,,
3230a4ff-ff2a-4f9f-8457-6685ff555bcf,"Bloody April, 1917: Air War Over Arras, France",2012,https://cf.geekdo-images.com/8jsvmd48R1-1JS51LVfrvQ__original/img/0eBMQJCgEtA8xLxIiF6rslcahyk=/0x0/filters:format(jpeg)/pic1385602.jpg,legacy_unknown,,
c79cb6b2-0384-4adb-bebd-a31e921a1271,Rajas of the Ganges: The Dice Charmers,2020,https://cf.geekdo-images.com/HTzNp46CI0Pi7QUTACBiVQ__original/img/K_9UdN7Sn5cFlbgNiYe00imY5Hw=/0x0/filters:format(jpeg)/pic6263048.jpg,legacy_unknown,,
256d7d8f-21d9-4291-ae5a-5f3e2d4925ce,BATTALIA: The Creation,2015,https://cf.geekdo-images.com/dK77xsHHpjuV261QhCAr6g__original/img/5_iAk_UwLF2FJDGXZIYxD29zSTI=/0x0/filters:format(jpeg)/pic2550416.jpg,legacy_unknown,,
5a79a8e9-43fe-4ce1-a499-87a4cf767bd3,Kalimambo,2011,https://cf.geekdo-images.com/Zj87fDDFijSMT8DP3YS9Lw__original/img/Cc1Gu9zb3Ip_9vYcP5jsT6gaWLI=/0x0/filters:format(jpeg)/pic1121024.jpg,legacy_unknown,,
6c2d6145-a876-4f76-894d-bee3739c0db5,Águeda: City of Umbrellas,2024,https://cf.geekdo-images.com/pZ7NIPZmEDu5_kXoVPJ0qA__original/img/mxFaipYueqQP65Ji93oDnogsAtQ=/0x0/filters:format(png)/pic7116351.png,legacy_unknown,,
c387a807-9a13-4ad5-936d-8705f93d69f4,Frog Tennis,2002,https://cf.geekdo-images.com/z0J73cjuZND58pJPWbDlkw__original/img/EIrA4SHpNJ3gtuW8feP9RxGUKe4=/0x0/filters:format(jpeg)/pic29962.jpg,legacy_unknown,,
d5faf806-91e1-4426-959a-20f0cf98764d,First Strike,2008,https://cf.geekdo-images.com/k3fpMQraGnSVodRbF5mukQ__original/img/Tm_WzCAYUOyvmLMuGadTVt3AhgY=/0x0/filters:format(jpeg)/pic369433.jpg,legacy_unknown,,
22e87466-2d1c-48d3-8eec-0f029a7d1daa,Dragon's Hoard,2014,https://cf.geekdo-images.com/SkwJ0QvEPF539JN8Zp4Aig__original/img/wNli6_xr7Ye0NvTXP_OSnJRcpos=/0x0/filters:format(jpeg)/pic3678116.jpg,legacy_unknown,,
c399741d-8230-4eab-9468-19ebbe68b460,Great States!,2000,https://cf.geekdo-images.com/M0--A1IZK02q7FVLdaqDiQ__original/img/PfJxc4KjMg8kkHO8Ex-thLZ7i5Y=/0x0/filters:format(jpeg)/pic117376.jpg,legacy_unknown,,
2c7014c5-dd02-4b44-8221-f2887420d2cb,Axis & Allies: Guadalcanal,2007,https://cf.geekdo-images.com/6OJrt1Pkh9R-2fD8AxAI9w__original/img/S1Y-FUCxrMBXRjdvO2dBWPZhea8=/0x0/filters:format(jpeg)/pic8037578.jpg,legacy_unknown,,
1196e205-723f-4c7f-ba8c-570be4dc34d2,Dicey Peaks,2017,https://cf.geekdo-images.com/IScGG6wnwnAa5i-TsOdFKQ__original/img/3s9r30oWNseoSBSuC7LJPEmjEc0=/0x0/filters:format(jpeg)/pic3495251.jpg,legacy_unknown,,
7a4a2576-1af1-488c-93cb-54874a23d246,Say Uncle,2011,https://cf.geekdo-images.com/UfMriys_eUvng7-pCdLsEQ__original/img/breaKIfwBYNu_Ju6B5CtJwrmFpk=/0x0/filters:format(jpeg)/pic7958729.jpg,legacy_unknown,,
697f70ae-fb08-40e1-90c9-c35e652f80fe,Unmatched Adventures: Tales to Amaze,2023,https://cf.geekdo-images.com/pDiHT-n1xpW71Ck_wiR8_g__original/img/pho_viNg1Jk28LoXbMkTTvVHOIw=/0x0/filters:format(png)/pic7375477.png,legacy_unknown,,
6a6426c5-4684-4b89-9f7a-146a46fe8572,Biss 20,2020,https://cf.geekdo-images.com/O8DVv_O1uYoF-IwIbwaRow__original/img/HE0bIM8RDXQCcnUBYK3s52I8QkQ=/0x0/filters:format(jpeg)/pic5623074.jpg,legacy_unknown,,
65381eb6-e4d4-4b60-8902-b878ffd9171f,Dungeons & Dragons Basic Game,2004,https://cf.geekdo-images.com/GeiGKOF7XL59AQf8_qpqkg__original/img/3kMU3mSmaxyA1JWHYALK6K4j7AI=/0x0/filters:format(jpeg)/pic1151129.jpg,legacy_unknown,,
c547946f-c031-4b98-993c-976dd3112ed3,The Far Seas,1987,https://cf.geekdo-images.com/wHVuPySOLsdI3i6zHjcUyQ__original/img/WOmEM38T_l6wM4vWn5E5tqO_jyg=/0x0/filters:format(jpeg)/pic215906.jpg,legacy_unknown,,
65fa7e43-5a79-4fd0-8634-06e887c927ae,Kanga Best Visuals Finalist,2017,https://cf.geekdo-images.com/qdKy1hoBmVj6PE6YHu-jaQ__original/img/zyVOKvCTMZ1jmzKatSXm0RoxlWY=/0x0/filters:format(jpeg)/pic4088921.jpg,legacy_unknown,,
c89a2bbf-2d0c-468f-b132-e0cefb1800b4,Zoo Run,2019,https://cf.geekdo-images.com/pAXYPZmaC12f7XJfkKjkmQ__original/img/oh9Dts0rnpx7oV1NyhQiUhAWKjQ=/0x0/filters:format(png)/pic4895856.png,legacy_unknown,,
c8fc1b00-be78-4dce-b9b7-ef062746559e,Hearts,1850,https://cf.geekdo-images.com/zZn7Q-Q17_I9VtBx9EqQeQ__original/img/RRfop0_qejIWn3o1pk4OyxxV8cA=/0x0/filters:format(jpeg)/pic1393547.jpg,legacy_unknown,,
e4a0620a-18e9-4432-88ec-04a0d1388e88,Lucca Games Best Original Game,2005,https://cf.geekdo-images.com/wb8pvgFmW9IH-upj8XB-KA__original/img/RFtp7kZVguHraFzRPCeXLxqHhDk=/0x0/filters:format(jpeg)/pic99088.jpg,legacy_unknown,,
c906e9ef-908c-4931-a4c5-389abf4bd2f0,Rollers,2016,https://cf.geekdo-images.com/EqdF8xH-4SsJ7rJCC7K7tA__original/img/TXT4sUfIpl6Xq4X1CTYuhJtpNTU=/0x0/filters:format(jpeg)/pic3070530.jpg,legacy_unknown,,
cb30a1e9-8053-4ae0-be17-fa64ba5ffe0c,Charlie's Year,2004,https://cf.geekdo-images.com/A9B12Y-74FOIi7SdwW1Z2w__original/img/AC19ttvYcxZEd6sYMdmkWnWW8Vw=/0x0/filters:format(jpeg)/pic186495.jpg,legacy_unknown,,
cdb876c1-a94e-4402-9e94-4b925ec6b0d1,Ensimmäinen Tietopelini,2011,https://cf.geekdo-images.com/DDu2DcTXjbVSUwdEq2rVbA__original/img/N_PztmgLNX4e2Yet1R7jvN8ysVg=/0x0/filters:format(jpeg)/pic1008345.jpg,legacy_unknown,,
ed9fdec1-eea7-476d-a799-32164a5ecec6,Loony Quest,2015,https://cf.geekdo-images.com/iIIGoA267xJDn3RuOfXBeQ__original/img/SVlAXJoSxWW50S0Osn0G6Jk5c3Y=/0x0/filters:format(jpeg)/pic3043308.jpg,legacy_unknown,,
76412fcc-dd83-4277-bccd-295ca5777647,Eclipse: New Dawn for the Galaxy,2011,https://cf.geekdo-images.com/cnFppsVNOSTJ-W3APQFuTg__original/img/AbcjscBi-x3tVrsJsBhXq2RxLbc=/0x0/filters:format(jpeg)/pic1974056.jpg,legacy_unknown,,
2a2ce63a-e562-4a2f-b240-ceb130829483,Wunderland,2013,https://cf.geekdo-images.com/URoWhPlR3n9NiK-CqdLt8Q__original/img/gY7KaqMO-84gLUz81C8swZ-F0eQ=/0x0/filters:format(jpeg)/pic1545201.jpg,legacy_unknown,,
033b071a-e4bd-4f60-99ad-7b4c805b8cfd,Fantasy Realms,2017,https://cf.geekdo-images.com/A7IOpPt-lHrMYsbRmxXWdQ__original/img/kaYIVoFZkbWe0z80bvcqJdFCNlo=/0x0/filters:format(jpeg)/pic6177962.jpg,legacy_unknown,,
3ad33f26-97ee-422c-83d0-b158ac211081,Tokyo Highway,2016,https://cf.geekdo-images.com/dF6ZKbrhMWz-c01iD3gg6Q__original/img/prAM6yU26EQqcKeqLvn68_uik2A=/0x0/filters:format(jpeg)/pic8485703.jpg,legacy_unknown,,
d6c2faa1-5f5e-44fb-a37a-da561a352f0b,Im Wassergarten,2004,https://cf.geekdo-images.com/GhtxUIAhC4PyMTY2qyZvHA__original/img/xIYlnRlgWXhtUmpgwPOhhsr1cWg=/0x0/filters:format(jpeg)/pic153641.jpg,legacy_unknown,,
4734704b-8b9a-43da-9f64-53b1220cde07,Witchstone,2021,https://cf.geekdo-images.com/zi0KYvDC394VpxF3b5bpzA__original/img/0590ov78X8pInSRF7YNdVHDecTQ=/0x0/filters:format(jpeg)/pic6034602.jpg,legacy_unknown,,
cdbbd8ac-3d4f-4825-912e-cfaae7e41064,Heli Hopper,2007,https://cf.geekdo-images.com/Z2G2CqlyJCZ9FgTRNeyLbg__original/img/DH9BAm4L86T1AH_EPOvpsgUsvjU=/0x0/filters:format(jpeg)/pic199860.jpg,legacy_unknown,,
dbf9deea-ff65-46e8-b043-627431a7531d,Bargain Quest,2017,https://cf.geekdo-images.com/BnwA7yXhQDzOciCacJ98HQ__original/img/bZhH2ApXE6jEMkDcRk957TAHUrI=/0x0/filters:format(png)/pic4295302.png,legacy_unknown,,
60db0c9c-364c-4301-bb16-e16178cfb358,Galaxy: The Dark Ages,2000,https://cf.geekdo-images.com/sKlrQV0zjXLLaXtOYwbMZw__original/img/7kpvoqdBbFteGEMF6Aw8WIOFVv8=/0x0/filters:format(jpeg)/pic48671.jpg,legacy_unknown,,
61e20e74-cd54-4c1d-9b76-5a19fa413b8e,Leviathan Wilds,2024,https://cf.geekdo-images.com/k_iHhr7ltGhj46u4oQ4YAQ__original/img/qSlgK-1y9-AgtOAA86R9gt9XNaI=/0x0/filters:format(jpeg)/pic7976770.jpg,legacy_unknown,,
21ab0004-0646-414f-bdc5-75cfe069aa1f,Spyrium,2013,https://cf.geekdo-images.com/ze4QFonaGDFj9QTapBQYlg__original/img/0wMKApUujUy_1RbbuZT7CC4kwfc=/0x0/filters:format(jpeg)/pic1808509.jpg,legacy_unknown,,
015b1859-e886-495e-8a47-60397775c1e6,Pax Romana,2006,https://cf.geekdo-images.com/Ac1aQQsUqrrseuS93y3VWg__original/img/9ok9e0X0wnsHq8o6mE_aMtCajzE=/0x0/filters:format(jpeg)/pic246120.jpg,legacy_unknown,,
723ece61-73b4-460f-839c-23481fd67e1f,Templar: The Secret Treasures,2013,https://cf.geekdo-images.com/4jS55iSyH4wib0YUA4wo4A__original/img/UKlmO9C5OGEjNXliUTdm846pP8c=/0x0/filters:format(jpeg)/pic1802207.jpg,legacy_unknown,,
db54735b-8388-4c4b-9ee0-b667143301b5,Colourbrain,2017,https://cf.geekdo-images.com/M3KJfjJVOGA6x0LuMgfVWA__original/img/Ft7sgJ8IYctHYu2IXEQ_vouvKWw=/0x0/filters:format(jpeg)/pic4219953.jpg,legacy_unknown,,
218409dc-5caf-4feb-9d92-f5366191b84a,Rollway Station,2020,https://cf.geekdo-images.com/MQtdAXFGIEhotSwDXOvdTw__original/img/SW7J7osAot6WekX2j1pBjhMWzgY=/0x0/filters:format(jpeg)/pic5479516.jpg,legacy_unknown,,
ce19389c-df5e-438a-b52d-971ce1c67a5a,Monkeys on the Moon,2002,https://cf.geekdo-images.com/zodc-N-x0pq9TKRYfBW7CQ__original/img/P4xcF-ja_YQYi1vL6K2Q83QH1IE=/0x0/filters:format(jpeg)/pic48613.jpg,legacy_unknown,,
9f8f61ba-46ea-43f4-9c14-83f9701e174d,Article 27: The UN Security Council Game,2012,https://cf.geekdo-images.com/kyB2tDm5oTwjXzG_H0UW6g__original/img/ruPmR8ar7QVgffA2C_WPrJwiEmg=/0x0/filters:format(jpeg)/pic1309420.jpg,legacy_unknown,,
81cc7099-bffd-4ac4-9273-5e224e87daef,Happy City,2021,https://cf.geekdo-images.com/LKCjDd_tqDPpUdCOM6i9Qg__original/img/ndgLsawgZd-9Y8933oU268V8y4Y=/0x0/filters:format(jpeg)/pic6256486.jpg,legacy_unknown,,
2aa6ef53-d4b1-4cd6-9dc9-b9ab203d1144,Shogun no Katana,2023,https://cf.geekdo-images.com/XdXFnbesrDbKVlhLS64LHw__original/img/1d3wL7riZP_6Qum67BjQKNxrscM=/0x0/filters:format(jpeg)/pic5667351.jpg,legacy_unknown,,
20ac0ae4-a430-4061-aa18-462efd9de844,Blöder Sack,2014,https://cf.geekdo-images.com/zPKM0_zfVA6MD4OE1uHNvw__original/img/U8NRRHVgpxmOGVuVdXApttHtycA=/0x0/filters:format(jpeg)/pic1893642.jpg,legacy_unknown,,
be86aca4-5cbd-4cbd-a1ca-9e953de82d58,Art Decko,2019,https://cf.geekdo-images.com/c78Zx5dX-Hbt8BSp6q2gCQ__original/img/sp-breb7dN0rnXM0ego2lbsF7HI=/0x0/filters:format(jpeg)/pic6155316.jpg,legacy_unknown,,
ce85e660-1539-45fd-8381-6660aa8d3a2a,Tofu Kingdom,2015,https://cf.geekdo-images.com/UKRta3KA3Ozxj06xuoS7cA__original/img/KwkDKuds7dh480zrz0wIiyhtZpo=/0x0/filters:format(jpeg)/pic3915582.jpg,legacy_unknown,,
d9563242-11d0-4f44-95e5-eef8da26ac0d,Startups,2017,https://cf.geekdo-images.com/Y23LsS9HxPgO0XT5RvtwTA__original/img/IJW2fhjS4x88hu8Aap8XHrMfcyg=/0x0/filters:format(png)/pic3678411.png,legacy_unknown,,
006155d0-7752-472e-ab76-b8aba3bd29cd,Diamant,2005,https://cf.geekdo-images.com/G7gR2mJRPosZmGahXFKFXA__original/img/mwD68OdF-9k-Jkd9dRY87Nt__qo=/0x0/filters:format(jpeg)/pic7924444.jpg,legacy_unknown,,
bba99c21-0949-4103-aaea-15b2aaa589c9,EXIT: The Game – The Polar Station,2017,https://cf.geekdo-images.com/CrqSZVCqD9PJDhGOPBVyHQ__original/img/jKR9BzsmKil8lhCGrgaozbqafrg=/0x0/filters:format(jpeg)/pic3663361.jpg,legacy_unknown,,
8fe7744d-f20a-4d7e-8867-236ce51f9100,Vokabo,1982,https://cf.geekdo-images.com/DZyU0kch_HPjssAJK3BUWA__original/img/1o4Ql11P6r8pPGbN7Dz080PVx2s=/0x0/filters:format(jpeg)/pic77404.jpg,legacy_unknown,,
88b3ba8a-3785-4cd8-9e34-7a37b7c97042,Euphrates & Tigris: Contest of Kings,2005,https://cf.geekdo-images.com/AbS6G6Wk8Bbd84PH2xeIzA__original/img/Tu8wZ_msyr78QDdIQNQW--qEZ-I=/0x0/filters:format(jpeg)/pic1512661.jpg,legacy_unknown,,
041be7e6-a485-40f2-86fb-50289acce85d,1846: The Race for the Midwest,2005,https://cf.geekdo-images.com/zRZkmUtRhHosQNrcsYquOg__original/img/26Rizb3LBWjVmzHplrYCPcOnZS0=/0x0/filters:format(jpeg)/pic4001497.jpg,legacy_unknown,,
87a11de4-0b60-4553-8f66-2646957a6574,Anno Domini: Flopps,2001,https://cf.geekdo-images.com/V10uN2T32ZAJVB309Rs-Eg__original/img/lsymDBYTuwTP9YBTGcfEnthvW8M=/0x0/filters:format(jpeg)/pic78242.jpg,legacy_unknown,,
2f08582a-4109-423f-b2ca-08f45f57babb,Lock 'n Load: Band of Heroes,2005,https://cf.geekdo-images.com/1FkQTCz204asibe7s4E9mw__original/img/Oqo5s6QSsBGU0GagFvE1_QcB3GA=/0x0/filters:format(jpeg)/pic629266.jpg,legacy_unknown,,
ce9b0881-fdb9-42c3-9117-7d3e9cb9554f,Dotzee,2012,https://cf.geekdo-images.com/sSJ3QTnY98BdiJX3pffPmA__original/img/7LT5c94-CDU_04GGqhdZ0qE0tK8=/0x0/filters:format(jpeg)/pic1412165.jpg,legacy_unknown,,
4b1ec4e4-a460-40ed-80af-961d5adcbcff,SET Junior,,https://via.placeholder.com/800x600?text=Board+Game,legacy_unknown,,
0c41eaca-697b-4f75-b000-6171c416ab8b,BANG!,2002,https://cf.geekdo-images.com/_04xA-d-rfygm0c49HE4vA__original/img/el-4Ilu9DeYunRT3r4TVP8Vy3uk=/0x0/filters:format(jpeg)/pic1170986.jpg,legacy_unknown,,
ff460416-a8ee-45d2-8f50-a1756e219546,"1066, Tears to Many Mothers: The Battle of Hastings",2014,https://cf.geekdo-images.com/lUM58zOOq18nocyVi548vQ__original/img/COBaRqsMDsILepjsTkdbF5Avkn4=/0x0/filters:format(jpeg)/pic4200779.jpg,legacy_unknown,,
cf6bb95e-2846-4dc4-9be0-94b38a529896,No Stress Chess,2004,https://cf.geekdo-images.com/DGHFci2495Hs81riDXnS4w__original/img/7fb-qzm0ZHpFqZMvGY3SO1mh2r0=/0x0/filters:format(jpeg)/pic475420.jpg,legacy_unknown,,
ba1b494e-3b6c-449e-9d6b-63870ae2409e,Gemblo,2003,https://cf.geekdo-images.com/67cCKOBkgJVCKQi1kfJ8wA__original/img/7JG_QatrkpiL_GbrnoNtr0fJCG0=/0x0/filters:format(jpeg)/pic1876379.jpg,legacy_unknown,,
00b7a91c-b5e4-4f2e-9866-5a4ab584517b,The Search for Lost Species,2023,https://cf.geekdo-images.com/-VyojGLJ9XYN1b-V2ODCHg__original/img/Jbcp4I1cz_U8wlWZBrfaF0KTKDY=/0x0/filters:format(jpeg)/pic6740248.jpg,legacy_unknown,,
e819558d-1648-4828-ae5a-6c58084a4570,Candamir: The First Settlers,2004,https://cf.geekdo-images.com/uTRlHgXA27MslKNl1r3SXA__original/img/vD4mhQiEXSm8-JMrZAWyPntaIh8=/0x0/filters:format(jpeg)/pic94341.jpg,legacy_unknown,,
cf89d13a-33ab-46d9-aee1-b4320e0c79bb,Avalanche,1965,https://cf.geekdo-images.com/6Gwob4FqzWcPHRgsIthFrA__original/img/FiCULptz4aO9qHqgWONzPtdbZH0=/0x0/filters:format(jpeg)/pic860210.jpg,legacy_unknown,,
15952041-20fc-46b1-af75-d529d973dec3,Black Fleet,2014,https://cf.geekdo-images.com/A-KaF84pQ7V8IAZULQNqKg__original/img/jQSWb6LWCtAkGeLVlQDj6an6ED4=/0x0/filters:format(jpeg)/pic1987366.jpg,legacy_unknown,,
c67f3c77-6886-40a3-a969-6de886e45e59,Via Appia,2013,https://cf.geekdo-images.com/HA4rOAmjZq6Ih7zDDB4-Wg__original/img/sW3CFzyP8B9czVMMyDHYExOTMKg=/0x0/filters:format(jpeg)/pic1550275.jpg,legacy_unknown,,
abbb83dd-6800-4597-b5be-3304ebf2123e,Antike,2005,https://cf.geekdo-images.com/qBeZa2sdkpJYmqBXHjZWOw__original/img/TV8s-PhtTx7oE3EzkGPe5FYeV2o=/0x0/filters:format(jpeg)/pic171444.jpg,legacy_unknown,,
017c0f2d-5926-46ca-8a86-20ca61cc1c6b,Ragemore,2020,https://cf.geekdo-images.com/FFgQzccSVpkmfuJrYNAm4g__original/img/9-1zaSjR3_XweOSGoNceiBdC2kg=/0x0/filters:format(png)/pic5484469.png,legacy_unknown,,
707f8927-62a1-42df-9344-72eccc949de4,D-Day at Omaha Beach,2009,https://cf.geekdo-images.com/2vp4oeiBW3sjV-z3nSXyzg__original/img/9vmemmcBNBtBPYuVSRvz4Z2Vud0=/0x0/filters:format(jpeg)/pic6112285.jpg,legacy_unknown,,
df946d6f-f9d1-458e-871b-2d6809ec786c,Gelb gewinnt!,2005,https://cf.geekdo-images.com/vb2pJwkUD7wVM5PZ0uViRw__original/img/wusLM6roXr2yZpeWXhZmBg3975Y=/0x0/filters:format(jpeg)/pic185665.jpg,legacy_unknown,,
d3f88cd4-a317-4ade-b82f-a647e8877420,"Pacific War: The Struggle Against Japan, 1941-1945 (Second Edition)",2022,https://cf.geekdo-images.com/579szc1cTlqXcW1C-ZScwg__original/img/NwxO5NkkSW9pFfCY_b3AiB7kBA0=/0x0/filters:format(jpeg)/pic6561835.jpg,legacy_unknown,,
d21c3bb3-ca15-48c9-9223-10efcf12e5cd,Dracula vs Van Helsing,2023,https://cf.geekdo-images.com/RbNAitZatR7g82u_9OBV8A__original/img/z2leJtn83aYVYDepcIb9srAjM3I=/0x0/filters:format(jpeg)/pic7453834.jpg,legacy_unknown,,
5df63e0a-cbaf-4e9e-9100-55bd74a8e384,A Fake Artist Goes to New York,2011,https://cf.geekdo-images.com/5Q5YHxJeVp6PAhfv5Ct0-g__original/img/yRNioltDOtjrTRXa0HHoTTCWNf8=/0x0/filters:format(png)/pic3678404.png,legacy_unknown,,
479b0320-ce4a-4229-9a5a-58129bc34b19,Amerigo,2013,https://cf.geekdo-images.com/CPTCRbcUGvW-gepKwTvjSg__original/img/s0CSe2HK5xYB5aFR3WUqJAZRAn8=/0x0/filters:format(jpeg)/pic1824151.jpg,legacy_unknown,,
c1b9d237-efe7-46b3-b068-51030cc59ed3,Dragonkeepers,2023,https://cf.geekdo-images.com/FvGvU-Tp3gXDdX-FBkRceA__original/img/B-Sx4UUUCcqC6IoAbNHkajKwqPw=/0x0/filters:format(jpeg)/pic7646092.jpg,legacy_unknown,,
3fbc125a-df44-42b4-bf3c-b4a1938a1d1e,Leaping Lilypads,2000,https://cf.geekdo-images.com/p_Qc7dyeWI6SSRHcvM5hkQ__original/img/EBQvXXrTQHPyZHnzKwlxLJZ4p_A=/0x0/filters:format(jpeg)/pic186627.jpg,legacy_unknown,,
5ad3504f-af69-4597-b623-148ca7d74a87,Spotlight Slam,2020,https://cf.geekdo-images.com/yjXCBb_gItK6Pa8fbDcxSg__original/img/pRSMBMZ22lNxFaD2YDcASUdAUvM=/0x0/filters:format(jpeg)/pic5671307.jpg,legacy_unknown,,
cf91f5d6-b386-4600-90d1-b42b542c4e26,Banana Matcho,2012,https://cf.geekdo-images.com/S7AShMnLR1avnQSAzn344A__original/img/oWG4mNkYcs4VY0iQSBfXAjrnQXs=/0x0/filters:format(jpeg)/pic1430521.jpg,legacy_unknown,,
0344ab3f-d7b9-45c9-a873-8b028f6ec670,The Shipwreck Arcana,2017,https://cf.geekdo-images.com/yv5EAl5uidhZ53WJI-bQ4g__original/img/M7dWeql-u4Xtcaff5tfSCa2AvSs=/0x0/filters:format(png)/pic4042715.png,legacy_unknown,,
a3e66a93-eba7-4f8c-b6af-07b82f0e84f6,Merchants of Magick: A Set a Watch Tale,2021,https://cf.geekdo-images.com/h2d3sjO3mjnkr0D-JrzCsA__original/img/fea6QMMIX924scqtPkVrZvJeWh8=/0x0/filters:format(jpeg)/pic5950232.jpg,legacy_unknown,,
d233e46b-ed7e-4887-8c9f-8b85821c2645,The Case of Alexander Morrison,2023,https://cf.geekdo-images.com/L-xrDVoZ1s15atMjewULVA__original/img/Ev66jktbo1ZpMXp5ZQyowqe7rLw=/0x0/filters:format(jpeg)/pic7409258.jpg,legacy_unknown,,
d28ebc9c-74f3-4872-bbcd-886fdbf40470,Panic Tower!,2009,https://cf.geekdo-images.com/-qNQFiguML1toWzyFXcjYA__original/img/jjKN7Mw2eAovAmHXcXu-y78qpro=/0x0/filters:format(png)/pic6115369.png,legacy_unknown,,
034dfe9b-150f-4069-ba2b-d84e2ef27080,Chickwood Forest,2017,https://cf.geekdo-images.com/5oBv7Nw9yU8NalDF3RcbRQ__original/img/51vTZxJ-hvxOcpK1RgyF3fGI7SU=/0x0/filters:format(jpeg)/pic3729499.jpg,legacy_unknown,,
e5678797-9ace-46f5-94f7-a54e967c81f6,Trinity,2019,https://cf.geekdo-images.com/OLyLTJeI7IgQbhWBKgHAqQ__original/img/TJJpZ87LlFAQ1m8_CA9Q6e2Zr9c=/0x0/filters:format(jpeg)/pic4748335.jpg,legacy_unknown,,
b18ec25c-c0ca-48bc-8f0c-2a12b4b7e5f5,Ascension: Rise of Vigil,2013,https://cf.geekdo-images.com/0GR1dNrCSyrMt2wfUGLahA__original/img/6pDfBiESGd4_SjIUWAbJMvB3Dng=/0x0/filters:format(jpeg)/pic1937190.jpg,legacy_unknown,,
8f4ed6e8-2f0b-49fd-a798-80b712fcf877,Canasta,1939,https://cf.geekdo-images.com/0WtWRiRWl2mU-t_oEPKYgg__original/img/nrCJ4N4bFvdfjSSShDJ8_zwwV2U=/0x0/filters:format(jpeg)/pic77289.jpg,legacy_unknown,,
7366f323-5797-4969-b9be-dac071dca7f9,"Goto Hell! Saipan, June 17 1944",2020,https://cf.geekdo-images.com/WHTYaJq_mRnuGt3MGGcvxw__original/img/18hp7VxWXvrMOzmlqKTZEtaa-Po=/0x0/filters:format(jpeg)/pic5702646.jpg,legacy_unknown,,
920fa2f5-f666-41cb-b058-682f36cbf1e0,Game 1287,,,legacy_unknown,,
820d08ce-18d0-46d4-9983-5c0dfea03293,The Isle of Cats: Late Arrivals,2019,https://cf.geekdo-images.com/R9T8KhrhzPsZmSUzskQhtg__original/img/3l7EkzIHTlaemoBd3iClbBfiFQQ=/0x0/filters:format(png)/pic5100835.png,legacy_unknown,,
cdd36718-cdab-42af-b88a-ee97eb29c056,Ceres,2023,https://cf.geekdo-images.com/6BDlWhCSv2LKJufkYrKB9Q__original/img/dh6CoOvOxUo1hd-VP1JMLnhL0p0=/0x0/filters:format(jpeg)/pic8173429.jpg,legacy_unknown,,
9ddb3304-eb07-4b69-a9f3-c16337340cd2,Cowabunga,2005,https://cf.geekdo-images.com/5g_Sz2thqdHatQmiXySCxQ__original/img/t4N4W8kCPlmBEU957O_USu1hO6Q=/0x0/filters:format(jpeg)/pic460486.jpg,legacy_unknown,,
d615e562-1d75-4d9e-9e7b-5cd17471fdb4,Marquis,2005,https://cf.geekdo-images.com/3XyswYUVTt9lPREb4PCgig__original/img/BKXeeI-YnEKmUtxdv2Ia_-xGyQ4=/0x0/filters:format(jpeg)/pic145709.jpg,legacy_unknown,,
d2f1b0f8-917a-4f18-950f-bab7c8183afe,Quatana,2008,https://cf.geekdo-images.com/b3LqdgtzQCtGwucFaFrnFg__original/img/505bs3-WqDGz_OP96x7oWXGqxwo=/0x0/filters:format(jpeg)/pic321221.jpg,legacy_unknown,,
e7aae6d7-05a5-42fe-ae8b-1a41f0a58197,EXIT: The Game + Puzzle – The Sacred Temple,2020,https://cf.geekdo-images.com/2G_lBcFfgiEo8ubbtE7J5g__original/img/ccDPKNYMBMolisTQY6xTbBL7XYo=/0x0/filters:format(jpeg)/pic5988905.jpg,legacy_unknown,,
c65706f4-5882-4395-ae85-1fdda53f651f,Momiji,2021,https://cf.geekdo-images.com/27aUh16Q5PuCvOKRwSaAgg__original/img/wNoI-1gtKsClH0bHzzTJU-n_A3o=/0x0/filters:format(png)/pic6636164.png,legacy_unknown,,
d032013c-ceca-470c-85d8-97940fda8ca9,Amyitis,2007,https://cf.geekdo-images.com/ayF1Nyw9hFSgxiTnJcnxiQ__original/img/CJCcta9mZydWjC2bZBzoCUegdL8=/0x0/filters:format(jpeg)/pic224426.jpg,legacy_unknown,,
71ac5608-e391-4633-b5e5-3d70fcceb8fb,Stick 'Em,1993,https://cf.geekdo-images.com/y9n_OHYdYjAZ4dEPadZ60w__original/img/zaPFle6nXVIoDXcDf2JXw4pwZ-E=/0x0/filters:format(png)/pic5282281.png,legacy_unknown,,
953d4dca-6469-4a4c-bbc6-36aa28c9d2c8,Viking See-Saw,2021,https://cf.geekdo-images.com/sZihzTOJUFXSKgDi787gOQ__original/img/-LjmKJOepTVObwvLq2K31XuxdfM=/0x0/filters:format(jpeg)/pic7757953.jpg,legacy_unknown,,
a5e772fd-d955-4573-a289-53d3807a99d6,Aqua Garden,2021,https://cf.geekdo-images.com/JyJ-FixOIyxKW0nEQMxNGw__original/img/g3nexrAoQtw66scTNtuJEHkla4c=/0x0/filters:format(png)/pic8927686.png,legacy_unknown,,
ab17c124-ed9f-47cc-974a-a8fa5d9ac4b8,Die verzauberten Rumpelriesen,2013,https://cf.geekdo-images.com/y8Y2956_ePJvSrt7UZ5nJg__original/img/hxxZMR22PK5Jm5UODAPaUBAhdic=/0x0/filters:format(jpeg)/pic1536859.jpg,legacy_unknown,,
03db86fb-24a9-437b-b3ee-665b0b014477,Yokai Pagoda,2023,https://cf.geekdo-images.com/2Q-A-b38dDH9W3g62qUXLA__original/img/F3W5dmVhL8Qg1XIvQ8IVMYlyNKo=/0x0/filters:format(png)/pic7645416.png,legacy_unknown,,
f7d87958-cd05-4db9-88d0-577cfe0e5606,Omerta,2019,https://cf.geekdo-images.com/s_CFwiwQJ5_A7WNj7phQxQ__original/img/2R2fqJo_LjGygz9dxDOi5-oT4HU=/0x0/filters:format(jpeg)/pic5054502.jpg,legacy_unknown,,
a5a419e2-93d2-4e44-88df-b8ec17bc5345,My First Clock,,,legacy_unknown,,
468f47fa-b90d-4d6b-aac7-3e41c650c4e1,KIPP X,2012,https://cf.geekdo-images.com/dyWpLjvX9_PMyTORJiLAnA__original/img/epXjoNdrFfxZqFBV6CaT-cz6-7A=/0x0/filters:format(jpeg)/pic8505460.jpg,legacy_unknown,,
d3c0a8c3-e2a7-4a99-85d3-d06268bdc434,Hurt Party: A Game of Bad Apologies,2024,https://cf.geekdo-images.com/-Kau9L_YJblRMf2osmyu3A__original/img/9Q2ZY9gdQf4Ii-jdw5_ybLQ_0M0=/0x0/filters:format(jpeg)/pic8027096.jpg,legacy_unknown,,
07aa8647-fc3d-4c12-931b-2360a688a6ab,111 Ants,2017,https://cf.geekdo-images.com/K-ajmJxa7L5TvlWW3iu7sQ__original/img/xdZjuYL1t9D_jlGeULuedm2eSzw=/0x0/filters:format(jpeg)/pic5491162.jpg,legacy_unknown,,
d876e856-2bae-478d-bfb4-049e514f092b,Bali,2001,https://cf.geekdo-images.com/DBzRvDMKZwBUctZNhTwC6A__original/img/bivhIrwwymJiFsPwC3EbKzd0s-8=/0x0/filters:format(jpeg)/pic657644.jpg,legacy_unknown,,
0456e278-ee78-428a-b939-03a9f46ec5ac,Dandelions,2022,https://cf.geekdo-images.com/5xWZAvsu3FPtJJR0NqFLWQ__original/img/3O50RScNwbPX7PT5DPOS-Wa1v7o=/0x0/filters:format(jpeg)/pic6435146.jpg,legacy_unknown,,
d3f0a386-7544-4726-ab55-9b6ebbde1752,Unia Europejska,,https://cf.geekdo-images.com/PeeEmkJ89neRJS1vQBjjRQ__original/img/1gG5wwepg03gMw981Uo3LfFwoV8=/0x0/filters:format(jpeg)/pic2374627.jpg,legacy_unknown,,
205a7fd2-4915-4a72-a040-56fc3da37f3a,Dice Throne: Season One ReRolled – Monk v. Paladin,2021,https://cf.geekdo-images.com/jdn0fNjlZdd5Ntog_SDZhA__original/img/UqJZ-D3XiVVchzcBRzcGOMrSQjQ=/0x0/filters:format(png)/pic6018347.png,legacy_unknown,,
e9940156-82d4-4f70-9356-a92c4583708b,Tribune,2021,https://cf.geekdo-images.com/EbUrO2x9m5kAOaHiVL_z_A__original/img/-GrH0fYichf4YHGAhlPgrwJyVv8=/0x0/filters:format(jpeg)/pic5413259.jpg,legacy_unknown,,
f1944350-d8ce-4980-9407-6ace29d023a7,Time's Up!,1999,https://cf.geekdo-images.com/eXgj9wE-fRfd4ZfW6PcjIw__original/img/0MM3j-vUQmrabkHVSC0m49cH4TQ=/0x0/filters:format(jpeg)/pic3690440.jpg,legacy_unknown,,
35564e10-d849-415c-a1f0-c85e0bcdc41c,Hotshots,2017,https://cf.geekdo-images.com/WUiKO5OknoVpO4daEmzGJQ__original/img/KjS3On1xRqW0PAQDjzeykkEBdtY=/0x0/filters:format(jpeg)/pic3342007.jpg,legacy_unknown,,
85963f09-704c-4929-ba10-bfa2ec3f7bd6,Floriferous,2021,https://cf.geekdo-images.com/mg6SJV5JH5SY1pMI6C_GzA__original/img/VhuloJwQlvD1v-Otc54evdXE5ew=/0x0/filters:format(png)/pic5898743.png,legacy_unknown,,
9ba6588b-d4dd-42d5-a8c6-0a5765308c1a,Emperor's New Clothes,2014,https://cf.geekdo-images.com/_iyQDyQBCye7kouky1mrSA__original/img/PSdogPtcprf0uxq-Rq_RGo2ZjuA=/0x0/filters:format(png)/pic1596397.png,legacy_unknown,,
43ccb351-4a9d-4c6e-9a99-78b7c5351de8,Bomber Boys,2020,https://cf.geekdo-images.com/bBtV7Z5FzWiWIF5Te5T6FA__original/img/CNRkH_Fv2Bq3bThX1DZAVYes7dg=/0x0/filters:format(png)/pic7306636.png,legacy_unknown,,
03e16f9f-2927-41a9-9676-60385cc77f0b,Dale of Merchants Collection,2019,https://cf.geekdo-images.com/imMFmaNwVwePRQV2tBZKSw__original/img/tihxc6wF-qnmMqO9AIJNkbhhj2I=/0x0/filters:format(jpeg)/pic4096852.jpg,legacy_unknown,,
54fc6968-a05a-4b7f-bbca-02993afb72a6,Grand National Derby,1996,https://cf.geekdo-images.com/JEdkAcnVn-YuFiAC5figBQ__original/img/9wEIRwEMl_2BEoqDMGp5QvTLOgg=/0x0/filters:format(png)/pic5302134.png,legacy_unknown,,
188386ca-85ac-4be8-92cd-adaf3ef8da69,Detective: City of Angels,2019,https://cf.geekdo-images.com/xWdK1lL-2ZTdzBZGYjjqkw__original/img/952nbRCH-EE0TtcMD_Cpol0tRXQ=/0x0/filters:format(jpeg)/pic3469246.jpg,legacy_unknown,,
3612127b-fe16-4f2d-b869-f7c5edbe08cf,The Cousins' War,2017,https://cf.geekdo-images.com/75zD7yDWRlLsuqkWWRlimw__original/img/Dvj0EAAu0uCfywa_7Zgfx16aId8=/0x0/filters:format(jpeg)/pic3483951.jpg,legacy_unknown,,
0a288378-fe32-4522-9142-b4125523fcc0,Apex Theropod Deck-Building Game,2015,https://cf.geekdo-images.com/0Jcvo3fZs6J1OFBeVcoy3A__original/img/3XPT6CHhEDPH7HhiRP4gT-0Yi9k=/0x0/filters:format(jpeg)/pic3821568.jpg,legacy_unknown,,
ab371166-5f96-4115-97f6-aefd783035a4,KAPOW! Volume 2,,,legacy_unknown,,
f11f897d-20ac-403c-a690-467fb352f443,Century: A New World,2019,https://cf.geekdo-images.com/KJQ1TdlDkLeCfQ3PK75rTA__original/img/h8SUiPGdnSyUriRaLPMqMCFkPD4=/0x0/filters:format(jpeg)/pic4547312.jpg,legacy_unknown,,
d129b887-a471-42a8-b012-1fb7c3ee8309,Terra Nova,2006,https://cf.geekdo-images.com/CCLEC71HhQfZfOD5mm6MVw__original/img/D09OFdf50VPbr50bG2wFjqGVhcM=/0x0/filters:format(jpeg)/pic696514.jpg,legacy_unknown,,
d40332b5-0dc0-4a46-8ea2-60e79d0c1893,HellRail: Second Perdition,1999,https://cf.geekdo-images.com/woG49ZIrirhmIOaioHregg__original/img/ETGJnMJgI34Jog9CzhjDCci1egY=/0x0/filters:format(jpeg)/pic122523.jpg,legacy_unknown,,
8f7716f3-d3be-487b-ad38-cba7e39b5ac0,Castle Party,2021,https://cf.geekdo-images.com/Q53yJoXKFrfR7y7gCncSWg__original/img/qC9vPHwr1N2dQvAxtDbHW5zyHxE=/0x0/filters:format(jpeg)/pic5841728.jpg,legacy_unknown,,
04a77d55-58c5-4e45-9744-0303edfda414,Jungle Party,2016,https://cf.geekdo-images.com/x0PQAq2a6Pn-XciUIuMiWQ__original/img/SYfsgdtb2JybrjT5Q9eBcFz3k2c=/0x0/filters:format(jpeg)/pic3332476.jpg,legacy_unknown,,
c6fefa39-242d-40ee-aa36-1a38bf09b62f,Dice Miner,2021,https://cf.geekdo-images.com/K03e7G5PaII4S5ILIWPNfw__original/img/kXFUOkYDQFfay31uUBmwSPe6y6E=/0x0/filters:format(jpeg)/pic5440150.jpg,legacy_unknown,,
fd80971c-d0be-4d2c-a477-a855a95644a5,Aton,2005,https://cf.geekdo-images.com/LLFj0SH1JZiuioSciDh0Bg__original/img/GKmMI2dmLxp08GDYKveQiY0Yicc=/0x0/filters:format(jpeg)/pic292166.jpg,legacy_unknown,,
d455f403-994e-4c0c-9887-03a88ac94841,Sakura,2017,https://cf.geekdo-images.com/tLsauH_Kv9qMK-wBdeycPQ__original/img/6d6pyeUoVNNVlMi_zQoL-z_xJqA=/0x0/filters:format(jpeg)/pic3614636.jpg,legacy_unknown,,
6e4a5cd2-36c3-4f2e-b0ca-70eed0ef0b88,Brass: Birmingham,2018,https://cf.geekdo-images.com/x3zxjr-Vw5iU4yDPg70Jgw__original/img/FpyxH41Y6_ROoePAilPNEhXnzO8=/0x0/filters:format(jpeg)/pic3490053.jpg,legacy_unknown,,
f463574f-09f9-4995-80ce-8f6d2f0b8dcb,Charles S Roberts Best Post Napoleonic to Pre,,,legacy_unknown,,
43be9e27-17c7-4c8c-9d83-82c8207e0c43,Dead Reckoning,2022,https://cf.geekdo-images.com/4q_5Ox7oYtK3Ma73iRtfAg__original/img/67KL6z6m8eD2MprJ7JfsxXoAPlM=/0x0/filters:format(jpeg)/pic4650725.jpg,legacy_unknown,,
0f90c28f-0d96-4e68-b6fb-dd3eb2754bf0,UGO!,2013,https://cf.geekdo-images.com/vLlpTJzPbWSTO1p8v65VQQ__original/img/K1BUgRnHPzRC5v8MJ6af349r0Tw=/0x0/filters:format(png)/pic1823140.png,legacy_unknown,,
e805761a-968b-48dd-8db6-ddac5e4f1276,Zombicide: Green Horde,2018,https://cf.geekdo-images.com/rtJTab2_kHN2k4_nUddRTQ__original/img/Xs4zH6y3WpZ8XFq-X4T1p5XWncY=/0x0/filters:format(jpeg)/pic3564805.jpg,legacy_unknown,,
949a9a38-b7db-4322-8046-a254a6138df0,Jake and the Never Land Pirates: Who Shook Hook?,2012,https://cf.geekdo-images.com/QVRjyVbk7_8NgCPgz-3BCQ__original/img/kktLS8btFRBuJD0A93I4iIf9h0s=/0x0/filters:format(jpeg)/pic1699651.jpg,legacy_unknown,,
04ae705c-06b3-41dd-b923-6ea36ccfe344,Dragon's Cave,2019,https://cf.geekdo-images.com/-toR_Js3M6TiO_TSX1C5-A__original/img/ltwMANdmxGCPAAXza2HujohgYyw=/0x0/filters:format(jpeg)/pic4945873.jpg,legacy_unknown,,
20ef3158-4bb7-4a84-8b58-70718df66179,Monster 12,2021,https://cf.geekdo-images.com/86p6Oqx9oX_SiIEWZJm7RA__original/img/2DddmdHCmSoseaOBqtET_B5h8jg=/0x0/filters:format(jpeg)/pic5986503.jpg,legacy_unknown,,
2baee2b8-3b11-411e-834d-06196931fdb8,In Security,2014,https://cf.geekdo-images.com/NKOrNxeUtkQgMmb7-3mk-g__original/img/uPK35wmXX1xCq6pAyog25-ISyHY=/0x0/filters:format(png)/pic2009166.png,legacy_unknown,,
37086220-5eba-46d8-b20d-1d1e7466c9c7,Vindication,2018,https://cf.geekdo-images.com/8kEIlWY3rg27NgmVBZkFyg__original/img/LgCwqEKxO2mpOzXf5_6z_pt6vz0=/0x0/filters:format(jpeg)/pic4101638.jpg,legacy_unknown,,
064083f1-d5f1-4462-91fd-d8f476d7d119,Aqua Romana,2005,https://cf.geekdo-images.com/uqZ_Kf6mlRJFSkEqCCCDtg__original/img/gaZCXjtNqsJBBWiSlYIeEm33SyI=/0x0/filters:format(jpeg)/pic485685.jpg,legacy_unknown,,
2728e9b7-9be3-4fb8-bed8-9f3cb189e58c,Smash Up: Munchkin,2015,https://cf.geekdo-images.com/N8lJsPNdB05bJZRKV7_noQ__original/img/r3hhOawYQo5Ws0jz9RN0zJxH-8s=/0x0/filters:format(jpeg)/pic2496426.jpg,legacy_unknown,,
7c545a54-7ac4-403c-bcfd-805b84a314bf,Bejeweled,2013,https://cf.geekdo-images.com/bZaEoBq3O8SEbIBlRYCAxw__original/img/spdm23GtRtlu1yNYZiO1UE0g7sg=/0x0/filters:format(jpeg)/pic1536840.jpg,legacy_unknown,,
d475228f-d4ce-4fc6-b006-afdda203afe7,Outburst!,1986,https://cf.geekdo-images.com/N4qL3ycANNHlJ39mIZZPhw__original/img/tvM5MFZkr_8LfLn4xU0Icb0JUEs=/0x0/filters:format(jpeg)/pic4990981.jpg,legacy_unknown,,
c43c01cb-8bb6-4979-aad2-8ac083d58ab8,Bärenspiel,,,legacy_unknown,,
47766e86-0816-4696-9af6-7cf28a971a90,Cthulhu Wars,2015,https://cf.geekdo-images.com/AUd4nmguSljr9qvkUCF2XQ__original/img/1wLZ2_huuT7TXul4uDxq7SsM5Ns=/0x0/filters:format(jpeg)/pic3527761.jpg,legacy_unknown,,
0b9dab47-a7d9-4466-9409-2f5a4d341881,Pecunia non olet: Geld stinkt nicht,2005,https://cf.geekdo-images.com/QA6rWvxO2P88Txtlzkh84w__original/img/Z0apetHUqIPbcuEUJZUNvY2yX5A=/0x0/filters:format(jpeg)/pic96959.jpg,legacy_unknown,,
313e5bfb-c968-4762-ae30-3c779265097c,Ultimate Werewolf: Inquisition,2013,https://cf.geekdo-images.com/e_djn_aJVG6KfiegGa6WLQ__original/img/wEP5VreGEVstd9P4su7HY65UogU=/0x0/filters:format(jpeg)/pic1616566.jpg,legacy_unknown,,
2f67f7fa-ad81-44a6-ac0e-dd23722b4693,Expedition Sumatra,2010,https://cf.geekdo-images.com/yPXJQXw6wtnX2qec6a2ryw__original/img/oMeWexGIvsX2swvfbKaVm9s2MIc=/0x0/filters:format(jpeg)/pic758994.jpg,legacy_unknown,,
27eb23af-90b9-42bd-8085-20e8a0dab803,Super Farmer,1943,https://cf.geekdo-images.com/sl3RyQXqa39pcJyQdA0jyg__original/img/JEQ34OH9NLAxD9CtkjhZAkjB1Lc=/0x0/filters:format(jpeg)/pic1802593.jpg,legacy_unknown,,
d50e9b9f-04b6-47bb-9984-a1e0895e49ab,War Between The States 1861-1865,1977,https://cf.geekdo-images.com/Xjyk6wwrhIIjCuN0N7uN_A__original/img/LpVQ5Dtcuv7-jPSCYzvGDohf4yE=/0x0/filters:format(jpeg)/pic178260.jpg,legacy_unknown,,
3bbdef98-64b9-438d-9298-84fe8a0fd55f,Mini Rails,2017,https://cf.geekdo-images.com/AW5-o_yrlsvOovz6zvsSNA__original/img/1wbvBrLGicTdOFfAw1-F4SVl7l8=/0x0/filters:format(jpeg)/pic8455852.jpg,legacy_unknown,,
65b9da11-b526-4ce0-beac-8d32bad21b0f,Cantaloop: Book 1 – Breaking into Prison,2020,https://cf.geekdo-images.com/FGeIeuyYkbaX0krX_-SOdQ__original/img/t724Yl_pdFIO9Y1zs0TlicQyEVg=/0x0/filters:format(jpeg)/pic5869804.jpg,legacy_unknown,,
3b40a49c-e8e3-4797-bdbb-b65a5744b264,Kings of Air and Steam,2013,https://cf.geekdo-images.com/YgFGtI6c7wgEoVnpIZPOkQ__original/img/P3VY5cejewIV9wI7zF8PfeBWZyI=/0x0/filters:format(jpeg)/pic1527450.jpg,legacy_unknown,,
f7a276ce-bfb6-46f6-a000-cc9aa6574ff7,Charles S Roberts Best Pre World War Ii Board,,,legacy_unknown,,
d78fc85a-7682-4de6-936b-41b1c0ee1b58,CVlizations,2015,https://cf.geekdo-images.com/I8Etc3YLRGTfVCPC33kXmg__original/img/za7Jf_laSu9KUsk25QIb6HUPK0Y=/0x0/filters:format(jpeg)/pic2690487.jpg,legacy_unknown,,
d7b36e6c-ef92-4ce7-9ad5-1c0f5357d298,Aether Captains,2010,https://cf.geekdo-images.com/JWQ2sMQY6y7RZ7MvdLqzcQ__original/img/y9N6lVNQfUcoZLTTdoYmrk_KQv0=/0x0/filters:format(jpeg)/pic2692549.jpg,legacy_unknown,,
a59ea45e-9af7-41d6-a584-6e2911b2e3cd,Bardwood Grove,2024,https://cf.geekdo-images.com/Mgv8-ZhhHO9NoknMrIJYXg__original/img/g_rnKZZGsGbyj47FcUPPRhtd2LA=/0x0/filters:format(jpeg)/pic6352309.jpg,legacy_unknown,,
b5d23216-effc-4340-81ce-396250637d82,Lascaux,2007,https://cf.geekdo-images.com/mFGcTOv8I8PM6XZLqvMV8w__original/img/UTdvfXJsUw2pQCHPcxZrlOl6ej0=/0x0/filters:format(jpeg)/pic1248549.jpg,legacy_unknown,,
41b08f70-6349-4bf8-aa90-ae871efed9c3,Evacuation,2023,https://cf.geekdo-images.com/tNO7HW6Hn_O3xY11R80pFA__original/img/9wrRs7GtVVRuNblz64QXvNJMb-4=/0x0/filters:format(jpeg)/pic7672387.jpg,legacy_unknown,,
ee59002e-d8b1-4fd8-af77-a710c6b2c656,Wits & Wagers,2005,https://cf.geekdo-images.com/TxojLHTFHfBOBAk9MQSyLg__original/img/DcG4rhSBw8oT9drbvbuxybUOkik=/0x0/filters:format(jpeg)/pic2558555.jpg,legacy_unknown,,
09c3e16a-dc79-4215-aa95-77f930fe0dd9,12 Days,2011,https://cf.geekdo-images.com/kqyGO2Disn148SnEq-ga5g__original/img/SgZjhfWZIMCSjMvypq2tMmHGeE0=/0x0/filters:format(png)/pic6973669.png,legacy_unknown,,
dbc6a1b3-5911-462f-9a7f-d58161190513,Age of Conan: The Strategy Board Game,2009,https://cf.geekdo-images.com/mUNuI39RzELzJf5cej2vAg__original/img/-GRJlwukTb6bRAzFyLDKSuHhxms=/0x0/filters:format(jpeg)/pic450412.jpg,legacy_unknown,,
a3ff7c2b-9b49-46de-afcd-d9e6efc3ed8a,Dice Throne: Season Two – Tactician v. Huntress,2018,https://cf.geekdo-images.com/B5L8PfhD0CTDYHIYIpTOFw__original/img/8axTxgZq7NCA6KKPUCgXahP6-y4=/0x0/filters:format(jpeg)/pic4455600.jpg,legacy_unknown,,
fabf0f52-e728-4587-bb3a-1019eb497c31,Block and Key,2022,https://cf.geekdo-images.com/6_BYcrCoSoSvwENXzBKL5A__original/img/VqDXH2wM2tN-8HLgzouvP7uFAO0=/0x0/filters:format(png)/pic5518467.png,legacy_unknown,,
7911a051-6ef1-4260-856f-14777dc9e80d,Burst Out Laughing Gas,2016,https://cf.geekdo-images.com/Lzk3yFX7f4Xj7YLaY36zKQ__original/img/NxxZ2qxM8h2rcObiQqWXMVs3aMc=/0x0/filters:format(jpeg)/pic3530360.jpg,legacy_unknown,,
91361a8d-e4a8-47ea-83c3-50780c570ad1,Curious Cargo,2020,https://cf.geekdo-images.com/4EX-XaYzUK21jAl5L3KEUA__original/img/zbsLQ0BDUKgy2cEt19vBdyQ4cmY=/0x0/filters:format(jpeg)/pic5478785.jpg,legacy_unknown,,
d8481218-34cd-4850-8ae6-d142cb8c13ab,Don Carlo,2020,https://cf.geekdo-images.com/XgMgUDDF9c2tBvNxoUkA6g__original/img/ffVZk6YwWWtqFis_FZZM3Xaew78=/0x0/filters:format(jpeg)/pic5196288.jpg,legacy_unknown,,
2111a5df-3278-41fa-bf74-a0392d105743,Fluxx: The Board Game,2013,https://cf.geekdo-images.com/ak59I93UL52ZxYFzVNbMRg__original/img/r1WNiLw2c-Vri6xFTU9X7S0chC4=/0x0/filters:format(png)/pic7599357.png,legacy_unknown,,
9a3336bd-15e7-4ae7-a6a9-6e0cec414116,Splash Attack,2005,https://cf.geekdo-images.com/jn6CiNWK7OVjp2X3X0ieaA__original/img/RzYfhlzt9j26cp346vsU8vjZX9Q=/0x0/filters:format(jpeg)/pic1543158.jpg,legacy_unknown,,
4bf031ed-4dba-4a8c-86ce-929cb4809a72,Bluff Jubiläumsausgabe,2017,https://cf.geekdo-images.com/kdz6i8xM0VA_jka0PM5olA__original/img/j3_VzVFUcGuVszzn1LTowP99ztk=/0x0/filters:format(jpeg)/pic3945944.jpg,legacy_unknown,,
ccdef44f-0ca7-4f5b-996a-a152e7b06de9,Unmatched: Little Red Riding Hood vs. Beowulf,2020,https://cf.geekdo-images.com/7CFgBadtCNf5Mzi1nsrL2Q__original/img/Iv0VzhyEa74-sGfbtt9nwrRKZlw=/0x0/filters:format(jpeg)/pic5822480.jpg,legacy_unknown,,
1bf7f1c6-56c3-4ae8-b59d-22873ad9b738,Geeks Douro Portuguese Board Game of the Year,2024,https://cf.geekdo-images.com/marcHKuvB9efidm1KuMMMw__original/img/a6gh4FVdHAheD3ieGoo6p_o-VRc=/0x0/filters:format(jpeg)/pic8329236.jpg,legacy_unknown,,
defb1387-f321-4ea6-b71f-7e6a0d1d9700,Slide Quest,2019,https://cf.geekdo-images.com/GNl7mnNChUKIcWHkJ6goLw__original/img/eP0Jx-9siOtBwpEZjAdMHZCvexg=/0x0/filters:format(png)/pic4563748.png,legacy_unknown,,
3e74741f-e48a-47bc-ad33-007b17978769,Constantinopolis,2010,https://cf.geekdo-images.com/iMI7jRq9i8AiZGbLYPfBLQ__original/img/msv6d8PdxttuGfe1ecQVoNnZ0mQ=/0x0/filters:format(jpeg)/pic692499.jpg,legacy_unknown,,
7641d305-8bfb-42d4-86af-633316c80b1a,Castles of Mad King Ludwig: Collector's Edition,2022,https://cf.geekdo-images.com/djWGzAqcGYKhQCKo6Xeg-g__original/img/gWzeuFpSL-pNbWKVEzbWYe3nqhs=/0x0/filters:format(png)/pic5932932.png,legacy_unknown,,
d8b75ec2-d634-416f-98f1-b547f8af0737,WordSpiel,2017,https://cf.geekdo-images.com/5i0u8Xa1V78EG-avZCdozg__original/img/EKeC45hEP0H_OfwSIOG21h3xfnY=/0x0/filters:format(jpeg)/pic6519343.jpg,legacy_unknown,,
0ed9aafd-5830-44cb-ab39-b7223393ad10,Dungeon Decorators,2021,https://cf.geekdo-images.com/fOej4IVcdTuCwuJd-lYFvQ__original/img/BYuAtVRTU3wVuQmTheZqUZQOMT8=/0x0/filters:format(png)/pic5670348.png,legacy_unknown,,
d965f09a-d93e-4857-8b1a-61c8eda64d39,Dweebies,2010,https://cf.geekdo-images.com/E153CUmSKJkh-BIi0Ws3OQ__original/img/PsS_2fHQ6uY0pQGYgROGM9Isn4w=/0x0/filters:format(jpeg)/pic671263.jpg,legacy_unknown,,
d9de5e5c-c831-4956-aa58-313949d3e6ab,A Week In Hell: The Battle of Hue,2010,https://cf.geekdo-images.com/WzWAYk63LV4PF5O0YQ9OuA__original/img/W5uuZHS9tlOdXX9b957H5pv7TVU=/0x0/filters:format(jpeg)/pic636850.jpg,legacy_unknown,,
977b2b15-2bb3-4fb0-843d-26dd52d2eccf,Aurum,2023,https://cf.geekdo-images.com/1MRtI2kpEGUanQQ246p-nw__original/img/_kFH93aoMHDf8VXpDzfl3kBIW6E=/0x0/filters:format(jpeg)/pic7439092.jpg,legacy_unknown,,
dc4548f5-6777-4864-9bc0-e92face0c19f,Bad Bunnies,2015,https://cf.geekdo-images.com/d_GSPnJ8Sdvl9DIHI1tObQ__original/img/dUZcl5anrGLvJl6oXH9xxTJG9D0=/0x0/filters:format(jpeg)/pic2365458.jpg,legacy_unknown,,
0eec4d52-7c0a-4eeb-ad36-48eee8f92fb5,Phantom Fury,2011,https://cf.geekdo-images.com/UHDlXmsRKvB3eBP5x12S1Q__original/img/zBHTWQPriyiKMImISfxCVNkQEMM=/0x0/filters:format(jpeg)/pic7570061.jpg,legacy_unknown,,
057d93bb-d74f-4034-8f91-0638a69a39d0,Battleship Galaxies,2011,https://cf.geekdo-images.com/rimXUT3k7W7RVb59fEjKCw__original/img/KwwtwiIFmSdKNTbRCGuQn8N0WfE=/0x0/filters:format(jpeg)/pic4601229.jpg,legacy_unknown,,
0d2cd2ba-e6ee-4a48-89a2-52b893c917c0,Martian Chess,1995,https://cf.geekdo-images.com/1PBqpVSEirpqme8rnXuNGA__original/img/aChgTJCraDUMFLfUMkk5PUi9T9w=/0x0/filters:format(jpeg)/pic5241330.jpg,legacy_unknown,,
dc82b033-d52e-4782-ab2b-e0f25e8089fc,The Omaha Beach Landings,2019,https://cf.geekdo-images.com/ZnILPvy8iBgQg7BOigUjjA__original/img/Bg2kQ5ErZ9JLBgU7o7-GfDjiPL8=/0x0/filters:format(jpeg)/pic5180898.jpg,legacy_unknown,,
ba0ab0a1-2749-4fd9-a10f-bbef950629e6,Lost Ruins of Arnak,2020,https://cf.geekdo-images.com/6GqH14TJJhza86BX5HCLEQ__original/img/CXqwimJPonWy1oyXEMgPN_ZVmUI=/0x0/filters:format(jpeg)/pic5674958.jpg,legacy_unknown,,
70cea165-e239-47f0-af79-5d68a051f38b,A Song of Ice & Fire: Tabletop Miniatures Game – Stark vs Lannister Starter Set,2018,https://cf.geekdo-images.com/xAt0ntsEuc7R2nrL1RSOtA__original/img/_X6_SulGtjSDrc0-yVJvbjWnkl0=/0x0/filters:format(jpeg)/pic4171324.jpg,legacy_unknown,,
0eeffe98-e7fc-48c9-a46f-0f0666b145f8,Summit: The Board Game,2017,https://cf.geekdo-images.com/u1SgtrV9rhLYRQzYuLVCGQ__original/img/DISJTVonSJm_0QOWzp2wDKl5LMo=/0x0/filters:format(jpeg)/pic3455804.jpg,legacy_unknown,,
07634253-d35e-4254-bfc5-b642d786edb1,Dungeon Mayhem: Monster Madness,2020,https://cf.geekdo-images.com/WsOkgEC8ofTxez-X3RFzjA__original/img/nGVXtX5t0trWVavP-6_vqVUExDE=/0x0/filters:format(jpeg)/pic5324418.jpg,legacy_unknown,,
3355d812-248d-4ec0-a7f4-0698c0719811,Cairo Corridor,2013,https://cf.geekdo-images.com/gQOe5J7DRtDhqoB5iLVjug__original/img/O-RTKDCGretlXy6Ignw-LwNFYEc=/0x0/filters:format(jpeg)/pic1566138.jpg,legacy_unknown,,
dd2fb8b9-7149-4d00-8c09-861deb30feef,Los Mampfos,2006,https://cf.geekdo-images.com/FweYg5o0o1D185fDZPMCCg__original/img/mxqflqRMAKNF5wC4JLHf8as3TX8=/0x0/filters:format(jpeg)/pic212818.jpg,legacy_unknown,,
60356328-4716-4a8e-9708-e272113a6bf6,Unmatched: Redemption Row,2022,https://cf.geekdo-images.com/XJMvbKMR47CvYkkXdjnjrw__original/img/Dg673Le_0vCjTdQBMt9hwNMNbfE=/0x0/filters:format(jpeg)/pic5855222.jpg,legacy_unknown,,
582c8349-e913-453a-9a36-6d4518c98da4,BioShock Infinite: The Siege of Columbia,2013,https://cf.geekdo-images.com/zTXHD6rnHIu8rGiPjabnXQ__original/img/j8viN2BDf_rTfaYJTd62KncJdEU=/0x0/filters:format(jpeg)/pic1616044.jpg,legacy_unknown,,
0f014fa7-9ff6-420d-a93e-9bc5eb0ee7e5,Harmonies,2024,https://cf.geekdo-images.com/A_XP2_VN3ugyqPhezowB_w__original/img/_Rv8lSr3fC1oDRkrQleQW2H2yCs=/0x0/filters:format(png)/pic8026369.png,legacy_unknown,,
3ff582f4-090b-4d7b-836b-e5091126a863,Fallout: Wasteland Warfare,2018,https://cf.geekdo-images.com/L46l6kfWDEv41wLo3b5Xlw__original/img/URZ423OP_yaFiJdTWAKIl8J6Jgk=/0x0/filters:format(jpeg)/pic4166667.jpg,legacy_unknown,,
dda1d49d-fe26-43a6-beb0-8634668ac168,Tangram Race,2012,https://cf.geekdo-images.com/UAzPc10S4F7BD7YJ3VV9Bg__original/img/QJFlOx7ojbpoTLER4R9JWNok2Rg=/0x0/filters:format(jpeg)/pic1226396.jpg,legacy_unknown,,
88da0f15-138b-4c90-a6d7-712c034cd527,Cursed Court,2017,https://cf.geekdo-images.com/YsiI198_F00as5KD2FzuwA__original/img/skS_He9joyE9WlBKYTq9G9qGus8=/0x0/filters:format(png)/pic3623396.png,legacy_unknown,,
dace0756-6c4f-4a4b-bad1-bf9113daf116,Sprytna Ośmiornica,2019,https://cf.geekdo-images.com/7gnkCeNmBXyyZteojvPZgA__original/img/VIvSqv3iZc3g-l_aQdcSBNvJLWQ=/0x0/filters:format(jpeg)/pic5668484.jpg,legacy_unknown,,
e1c67fd8-2536-432b-b02a-fdf1ed4c16ed,Dutch Resistance: Orange Shall Overcome!,2023,https://cf.geekdo-images.com/aM4L-_1Q7Rm733wCN18ekQ__original/img/F2rZXxqfGwZLsnod3-Mi--HZ53o=/0x0/filters:format(jpeg)/pic7617054.jpg,legacy_unknown,,
647198d9-f754-4f30-8539-ea02138424f5,1920 Wall Street,2017,https://cf.geekdo-images.com/vBbczoUk2PXPEtbwJCc8JA__original/img/1Oz5BlBRcmjD78huuq5TlyOWDLw=/0x0/filters:format(jpeg)/pic3674450.jpg,legacy_unknown,,
086640e0-2475-4541-bdb2-878d4a017601,Vikings,2007,https://cf.geekdo-images.com/nQPsaIgIvHiVewkPlSeFLA__original/img/WVqOVRbWwE3skoEB63fy-gHbi1k=/0x0/filters:format(jpeg)/pic1904581.jpg,legacy_unknown,,
e2b1285b-7efa-4965-aee8-da24308c085e,Black Orchestra,2016,https://cf.geekdo-images.com/mvE22ut60-N5qzhE9guINw__original/img/1GrE_UvDfOYRPMSqcv9DaKrJ-98=/0x0/filters:format(png)/pic6973676.png,legacy_unknown,,
a99c094a-826a-43f1-aa07-da89dc3e5bd5,EXIT: The Game – The House of Riddles,2017,https://cf.geekdo-images.com/d4SNDcojFMAkyq7CVSn6uQ__original/img/T0RMBs8s8RJ_ILtkQMr7bWYg6BQ=/0x0/filters:format(jpeg)/pic4597126.jpg,legacy_unknown,,
557cbfd7-c901-4d28-b44e-4f1048f359fa,Wir sind schwanger,2005,https://cf.geekdo-images.com/lnT2weaksGxg6tfDlhafBw__original/img/rXNuep5ZNDXouFVPZpM-btAyCiE=/0x0/filters:format(jpeg)/pic92765.jpg,legacy_unknown,,
ba053eb1-a26d-40d6-a384-5c8c65362de9,Die Kette von Saba,1984,https://cf.geekdo-images.com/F8VQ6VjMM0f6V7t9g-jaCw__original/img/lojFyB0kGkWJrz0cIhDiu_m0gFE=/0x0/filters:format(jpeg)/pic1283719.jpg,legacy_unknown,,
ba14917c-a416-4488-8c38-ca132f9a05ff,Ripple Rush,2020,https://cf.geekdo-images.com/VkjEkX5D_KgRjqeZ5jI-uQ__original/img/Jk6dgdMKHEniDmRHNXFf3mpqGgY=/0x0/filters:format(jpeg)/pic5430692.jpg,legacy_unknown,,
09b73ded-dd3e-4a10-b225-33f7fbf7b707,Port Arthur,2020,https://cf.geekdo-images.com/-i58GGcpT562wV_PDlIg4Q__original/img/SaWUF3YC6Wol9jMXwO7uyWvBwh4=/0x0/filters:format(jpeg)/pic6991100.jpg,legacy_unknown,,
7342b2ba-e7f3-4738-812f-e097a8004346,Dicht dran,2013,https://cf.geekdo-images.com/KWdl4UGm96qa7vS4qmvZiw__original/img/m1OGyMRWtd-HpZGGjULBG7YXIg8=/0x0/filters:format(jpeg)/pic4317880.jpg,legacy_unknown,,
ca3361d2-d917-4855-aa5a-79c31a2c32e7,Ezra and Nehemiah,2024,https://cf.geekdo-images.com/MVflz8gmtK1DZy49E-Llog__original/img/4yClnRxvCH8fGd59XzyHYokt0WU=/0x0/filters:format(jpeg)/pic7474410.jpg,legacy_unknown,,
4c0529c6-00a8-41ae-8a2c-49b9f107e695,It's a Wonderful Kingdom,2021,https://cf.geekdo-images.com/YMJnUYqIXrOEiqVOqfhWQw__original/img/z6F_iWd82nXhxOkJGVr94qnzaxo=/0x0/filters:format(jpeg)/pic6929415.jpg,legacy_unknown,,
ddfb2c38-1a45-4543-a5bb-3b1e5f91c29a,That's Pretty Clever! Kids,2022,https://cf.geekdo-images.com/TDsNSJvPmxjeoI4oteeaqA__original/img/6E6BvTCByB2DhTvhZg2aI5aIvWQ=/0x0/filters:format(jpeg)/pic7596289.jpg,legacy_unknown,,
090526b2-22d8-4901-bd42-fdb08e64ba7c,Unbroken,2018,https://cf.geekdo-images.com/9sLpe24JNXTwVYIOjt0ODw__original/img/Cn8prPwRNdiNtVj5a6A08g1R8MY=/0x0/filters:format(jpeg)/pic3766231.jpg,legacy_unknown,,
1136dddb-ca6f-44dd-9771-b66544c8b852,Caper: Europe,2022,https://cf.geekdo-images.com/XaAM-6aENSUYDAIsc_y1JA__original/img/M62vMZ5RtmnPVywik4VLg3wMWlg=/0x0/filters:format(jpeg)/pic6767666.jpg,legacy_unknown,,
00e9015a-eefa-4529-b278-d1184ddef920,Rise & Fall,2024,https://cf.geekdo-images.com/lwKNNPgHt9qtfTYtRkJHsA__original/img/6Vp1vXv9GqBvldMj8g7sri3LmFU=/0x0/filters:format(png)/pic8861031.png,legacy_unknown,,
2ea2977e-0b79-4b1d-af89-79fd87152d47,Block Ness,2021,https://cf.geekdo-images.com/sfkdzzjxCkuH2e2bCEnazA__original/img/AoMEfrvB2lmeK2XH70jIB50WNJA=/0x0/filters:format(png)/pic6029823.png,legacy_unknown,,
ddffb223-51a2-4769-a4d8-64f1b068ccc1,Wald der Lichter,2020,https://cf.geekdo-images.com/fR0nZG_sJHhyQZnRKfFEsA__original/img/d2z2-HmYKL1P-7GNfWHqKVTc3Ek=/0x0/filters:format(jpeg)/pic5623060.jpg,legacy_unknown,,
d519fee8-4faf-4831-abac-22507f6df32f,Splendor: Cities of Splendor,2017,https://cf.geekdo-images.com/H7YUcZPxhbq2fPuzuxODlg__original/img/vFef8CbVK4ldaHq3Qt0y5QmVAOw=/0x0/filters:format(jpeg)/pic3711701.jpg,legacy_unknown,,
de622d2b-2091-4e9b-9788-02e8c25c5a19,Before After,2025,https://cf.geekdo-images.com/fVSFMkcuE-9N6rLE1cHFDQ__original/img/KSZBBcO_jj_jsa0JelocmUxpIsE=/0x0/filters:format(jpeg)/pic8816475.jpg,legacy_unknown,,
49bfa8a0-caac-4b7f-a854-e22e756dcf2d,Ragnarocks,2022,https://cf.geekdo-images.com/k5Dpc8yjIsSe2pPqFXx9kw__original/img/7gj619WXvAWnnM5LScniuWhCh4w=/0x0/filters:format(jpeg)/pic5910914.jpg,legacy_unknown,,
8add8605-885b-41a1-8043-1fe701075224,Shamans,2021,https://cf.geekdo-images.com/BNmYPPip0PZBPx9qJCEUxA__original/img/Xw4rULooxkzXr-px2P2a1naITIk=/0x0/filters:format(jpeg)/pic6021323.jpg,legacy_unknown,,
ded8c32d-b3b4-4719-a841-d7aa2a335eed,Vilar de Mouros,2017,https://cf.geekdo-images.com/sXgrpo2eiE5I376MLbffxQ__original/img/xeMG3W0WTIWTCQmameRHWT4pdPw=/0x0/filters:format(png)/pic3739039.png,legacy_unknown,,
5effd239-31a7-4aaa-9d66-351118627c81,Bison: Thunder on the Prairie,2006,https://cf.geekdo-images.com/A2U_fr9-ZZH13vt30G4ezg__original/img/YULFbBVIySPKo5MaUKqR2Ng2pPg=/0x0/filters:format(jpeg)/pic509244.jpg,legacy_unknown,,
09c64d97-7412-42f8-9397-2e261830f51d,Hadara,2019,https://cf.geekdo-images.com/17wJNXSBYuVmKryV9lEKsQ__original/img/3z-EkL0nYgFKPWI9jr0Hd8qeLBk=/0x0/filters:format(jpeg)/pic5099398.jpg,legacy_unknown,,
01e768b7-8bde-4504-b668-fa3f686d1ae5,L.A.M.A. Party Edition,2020,https://cf.geekdo-images.com/fThVAJHdHe1zbdJr6_A_zA__original/img/Xm43Q5iQNONqDbLd78NF3pHfNZ0=/0x0/filters:format(jpeg)/pic5575709.jpg,legacy_unknown,,
defdc824-171b-4fe7-bdcf-ab3cc7bc62f2,Absolute War! The Russian Front 1941-45,2021,https://cf.geekdo-images.com/3L0Jv63pejvCGW6sdHIC2w__original/img/vmSftv1DWaCPtv08F4pcQYtUTog=/0x0/filters:format(jpeg)/pic6215745.jpg,legacy_unknown,,
0f6c6875-d8c1-4f54-9a1d-ea86f47dd75a,Forbidden Stars,2015,https://cf.geekdo-images.com/WlvyznYhlYNXMtMbKKu1oA__original/img/AQ1P6PKw7ZW-XTOAFKhCwsnfP0I=/0x0/filters:format(jpeg)/pic2471359.jpg,legacy_unknown,,
78992325-530b-4141-9be8-ace7c15e9e2b,For Glory,2020,https://cf.geekdo-images.com/ok3AT000cAnzmogQkI5v2Q__original/img/8MT_wQSJnxAcLeZzgtKyw_7Mun8=/0x0/filters:format(png)/pic5167677.png,legacy_unknown,,
9e84e1a7-9665-4dbf-a921-4244ce28235a,Hibachi,2021,https://cf.geekdo-images.com/wXeBFmXw3QrNJBz05tbF4g__original/img/ecEXMpqfn-216wmvkLVNzLQSW8M=/0x0/filters:format(jpeg)/pic5517561.jpg,legacy_unknown,,
cb954c78-5fe9-499a-82c9-3db347b2ce51,The Key: Sabotage at Lucky Llama Land,2020,https://cf.geekdo-images.com/Qo1Vz3qOdn-fgjLOacKDGg__original/img/viuZMlGIiCcirSH70l8qkDcGgwk=/0x0/filters:format(jpeg)/pic5714501.jpg,legacy_unknown,,
59bbbb15-3ea9-479e-9383-b982dda79f40,LOKA: A Game of Elemental Strategy,2013,https://cf.geekdo-images.com/9nbSR_DnX3Jb_ap2-ru3vQ__original/img/Bd3gX0mSKqEY3lQ78kCqGeWsXxI=/0x0/filters:format(jpeg)/pic1657308.jpg,legacy_unknown,,
a1726f60-9eaf-4e6a-a676-91fa4859f7e3,Such a Thing?,1989,https://cf.geekdo-images.com/xLrZF_TqCmrKchkqfIaj2g__original/img/lFh9CH4lCstHtuIWfNDsdpWgMBM=/0x0/filters:format(jpeg)/pic558448.jpg,legacy_unknown,,
164e9a65-f280-4e14-ba51-4c0480a655b1,My Father's Work,2022,https://cf.geekdo-images.com/N0hCcxXw8d7vUjKfsYO6vg__original/img/P8-tSkeRO-e3SnNXh4Yq8d0JcWQ=/0x0/filters:format(png)/pic6121929.png,legacy_unknown,,
f826238d-7ad9-4608-9490-b1490afe1f3f,King of New York,2014,https://cf.geekdo-images.com/FGekxht_r5xqt8oSmQ9HZg__original/img/b5zgGvja0Qpte-Jqb5baQNWuG3c=/0x0/filters:format(jpeg)/pic2407103.jpg,legacy_unknown,,
0a12e747-8b16-4c34-ab2c-304de10207b4,Orbis,2018,https://cf.geekdo-images.com/qGGMdUTeeZw5-1nTPuC4PA__original/img/UI2lOn9T9X9NtqPgROJWCWSL7To=/0x0/filters:format(jpeg)/pic4185945.jpg,legacy_unknown,,
b2840892-2ebc-4f06-a37a-1d58dffa0dc5,The Magic Path of Yoga,2013,https://cf.geekdo-images.com/0PCtKK8mySi1y5OnOjMoSA__original/img/h_EtdMEQvxH3B7TjWcLZbQ9Jze4=/0x0/filters:format(jpeg)/pic2582289.jpg,legacy_unknown,,
a683880d-f84c-462b-8859-ba45896cab63,Star Wars: Unlimited,2024,https://cf.geekdo-images.com/YRZ0kNHp-NnWQf9yw7ldGw__original/img/W-rU5vgawNtPf8Pb16hZ2W_KCYY=/0x0/filters:format(jpeg)/pic7503747.jpg,legacy_unknown,,
addb3b10-305e-4581-8ae3-7a8bc9b92265,Viceroy,2014,https://cf.geekdo-images.com/24x3IUxdpizAPxXPOJsypQ__original/img/g18f-g1MS4ZcpElCGQz4W4HfS_U=/0x0/filters:format(jpeg)/pic2254354.jpg,legacy_unknown,,
b3329c8f-502f-444e-8635-6671a09689d7,Biome,2024,https://cf.geekdo-images.com/3Z2EjY23iDYBJd2ccTIZnw__original/img/X4NLuu7iDvNYkapIF49sM_xIb98=/0x0/filters:format(png)/pic8532107.png,legacy_unknown,,
82182549-66f3-47ed-8bf8-cf71832b2103,Hannibal & Hamilcar,2018,https://cf.geekdo-images.com/PHMTzdpZvTv7Ug4Mx0Lt7w__original/img/azUHdRQJh4UbYRXrkcKSLT4-b9g=/0x0/filters:format(jpeg)/pic3477797.jpg,legacy_unknown,,
df041915-0c74-44e5-9d28-3fbd095a9a2f,Orcs Must Die! The Board Game: Unchained Edition,2016,https://cf.geekdo-images.com/tk953WRe1e96YryZwTt7rQ__original/img/gQ5973harsEvR--icfg6wF3_wNc=/0x0/filters:format(png)/pic3785013.png,legacy_unknown,,
5ac82e96-94ae-4ab9-89af-76ba2986e428,Barbarians: The Invasion,2018,https://cf.geekdo-images.com/LzgWcBw7NPniFDX1EYnZ4A__original/img/oZeZxc3xKSn0mci8sVYFziJL0Eg=/0x0/filters:format(jpeg)/pic3847850.jpg,legacy_unknown,,
24ab6776-23c4-4d31-8824-4e76751867c0,Terraforming Mars: Ares Expedition,2021,https://cf.geekdo-images.com/eT_Atcy_vRJvuUMgYakNrQ__original/img/upZwrb6k8zZMNTwB8VfpI372yuo=/0x0/filters:format(jpeg)/pic6260098.jpg,legacy_unknown,,
3418366a-d30a-43ef-97f0-843668a486a3,Solar Sphere,2022,https://cf.geekdo-images.com/2vrPO05rVkkw6YEDmWa5nA__original/img/xn2BFjzCQU5VZqsNsazxkPYChxY=/0x0/filters:format(jpeg)/pic5920049.jpg,legacy_unknown,,
ba76b263-49e0-4fb7-adb7-0a623f70ec56,Astro Trash,2019,https://cf.geekdo-images.com/ovJErtdRcX2-ilm7V6HxxQ__original/img/i5bQSbeov27PZ7mcAFHQ1AGlR3A=/0x0/filters:format(jpeg)/pic4779577.jpg,legacy_unknown,,
ba779f49-b568-423e-a7ca-2000ab565e44,Black Box,1977,https://cf.geekdo-images.com/6v94O3LyEQ-unURDnxnPHA__original/img/Rv_zXH3fmXE-0j_MMKeJ-UNi2XQ=/0x0/filters:format(jpeg)/pic23902.jpg,legacy_unknown,,
5917a0d6-4bb8-4bed-b885-8262533fe946,Ticket To Ride: Berlin,2023,https://cf.geekdo-images.com/Ko8uw6JWAIC2K6wrnlr_1g__original/img/y33girl0FMzkMS-scnFlZkHJZeE=/0x0/filters:format(jpeg)/pic7508512.jpg,legacy_unknown,,
100a2edd-f964-4a71-8bf3-c21a74394603,Successors (Fourth Edition),2021,https://cf.geekdo-images.com/YlDLNXpqv1AKGE_TZsNPDg__original/img/Mcw4pO1nedshcfVjCmRUP4YJjzE=/0x0/filters:format(jpeg)/pic4919647.jpg,legacy_unknown,,
7ab7a811-80e6-476b-99aa-38041ad7c6bd,TAC,2004,https://cf.geekdo-images.com/1AkdYW9ymjogA7wJvIBNLA__original/img/o_sle15A8rg3mIMoxg2k0jXB-_c=/0x0/filters:format(jpeg)/pic1678345.jpg,legacy_unknown,,
0a6d5ecf-8c7b-4fa6-9ee7-10109e3b774c,Schadenfreude,2020,https://cf.geekdo-images.com/0jsmaD0SaSDFwEID_Dcy2Q__original/img/9K6iacC_S0uzWcB-AHprOEwvW5g=/0x0/filters:format(jpeg)/pic8925378.jpg,legacy_unknown,,
12909c1e-f323-442f-a189-95d468377107,Crossfire,2017,https://cf.geekdo-images.com/6bX0JWyEXFx7mXt_mCfiOw__original/img/hBeZDpruWs6xESEdUpOKdmrzngw=/0x0/filters:format(jpeg)/pic3621676.jpg,legacy_unknown,,
7acf3eef-514e-46cb-a22b-35ba025c4c5e,Disney Sorcerer's Arena: Epic Alliances Core Set,2022,https://cf.geekdo-images.com/iecrCu5ZVAE4B0X4h97m3Q__original/img/WlIl7SwtEtO_Lbc7yzGQeG-kyoc=/0x0/filters:format(jpeg)/pic6706402.jpg,legacy_unknown,,
58e95d9a-9279-485d-b102-56485fed5015,Stack-A-Biddi,2012,https://cf.geekdo-images.com/dQmZyrH0-iDhVsTTySmh8A__original/img/o9duB2D-XFFA75swEP8cuXheojg=/0x0/filters:format(jpeg)/pic3758281.jpg,legacy_unknown,,
0e84f580-5800-41d3-b002-7e191ae6662a,"Going, Going, GONE!",2013,https://cf.geekdo-images.com/LSWJQZ4t6_Re_iz3SMv2-w__original/img/gWv7YKb4uuFx8xbnGLO2YLk3MpA=/0x0/filters:format(jpeg)/pic1742682.jpg,legacy_unknown,,
507a427e-958c-4e30-8552-e5452b457d1f,Sail to India,2013,https://cf.geekdo-images.com/v9kLv-QFjWxnxs6HLhZ1Mg__original/img/HEVripGGmDGLgCXBmasuERyXaXg=/0x0/filters:format(jpeg)/pic1756958.jpg,legacy_unknown,,
cfdd2e4f-d121-49c2-ade4-a82d94418f79,Aliens: This Time It's War,2010,https://cf.geekdo-images.com/t-aa12fnrSII2RMy53ct2A__original/img/NYEbG-PdpvJPRplkb5ZMejcMIZE=/0x0/filters:format(jpeg)/pic1345066.jpg,legacy_unknown,,
16bae920-206d-488b-8c5e-01b432189e77,La Boca,2013,https://cf.geekdo-images.com/PDynASkFxVsBQFnnE5DSWQ__original/img/zZh0ie1XfZJZWN5Lz5jYqsUDkWo=/0x0/filters:format(jpeg)/pic1537847.jpg,legacy_unknown,,
d9d52bf3-80af-41b9-8976-c00f72aa3dd1,Red Rising,2021,https://cf.geekdo-images.com/V6QEXXgRgz3urOrRVZ_1zA__original/img/Gp9hIVv-zRxlkrO5Pmg3aXb4P1M=/0x0/filters:format(jpeg)/pic5960554.jpg,legacy_unknown,,
e38d439c-a8fa-49b4-972b-405ed8515744,Council of Verona,2013,https://cf.geekdo-images.com/veF92mGEcTaB88DNqRaL_w__original/img/C-x-EFQfxKo5Kfb3iNlrvqlK6hg=/0x0/filters:format(jpeg)/pic1673162.jpg,legacy_unknown,,
1200110b-2887-499e-932c-74bad73552f7,Pyramido,2023,https://cf.geekdo-images.com/JsgxWcJiLCouryWC4t_RJQ__original/img/MRn6JfRLlbboJzktAdQTxuWlVuo=/0x0/filters:format(jpeg)/pic7295151.jpg,legacy_unknown,,
9b4c129b-75db-4b09-a6d5-0845cfe21794,OXYGIN,2013,https://cf.geekdo-images.com/a6NBbcPiRV8yxSsUUK5CcA__original/img/uB09-75XHr23086xhLP_HE9ipvQ=/0x0/filters:format(jpeg)/pic4744588.jpg,legacy_unknown,,
5a601910-8555-43f0-8161-2127e4f9dc87,Lanterns Dice: Lights in the Sky,2019,https://cf.geekdo-images.com/egXgi_aGyYtET6161-6Wfw__original/img/iFUpLsgu6oEpEn0LpFVmxYBAIOs=/0x0/filters:format(jpeg)/pic4616271.jpg,legacy_unknown,,
d5a9dac0-2b29-4f8b-97f9-edc6cc6d33ec,So Clover!,2021,https://cf.geekdo-images.com/8oipK9-ivkn53h7L5U2Yfg__original/img/KtvdQ2mT4ShhUaJekT9IvuOCvv8=/0x0/filters:format(png)/pic6588069.png,legacy_unknown,,
57e032db-2e7b-4ef3-8d82-bd999410221e,Bomb Squad,2013,https://cf.geekdo-images.com/mmJUfQ0kUoyPX14RDKUniQ__original/img/c0Wsiwsywzrxf-KX2II_GsCS4J0=/0x0/filters:format(png)/pic2162016.png,legacy_unknown,,
0eb84e14-83e4-44fd-816a-56dfe70cfd6b,SuDoKu: Battle Lines,2005,https://cf.geekdo-images.com/yOJAY6RpEmlpvjLnDI4U6g__original/img/R1RnMkHm5aljERKMoCwikp46OSI=/0x0/filters:format(jpeg)/pic111493.jpg,legacy_unknown,,
d0228f9d-b82d-44ef-a1c5-6c70d10104dd,Betrayal at Baldur's Gate,2017,https://cf.geekdo-images.com/O6TfqmDWCkJvZPZw6pcxpg__original/img/tkQGqsTWjyxc46gblN31CRP4JU4=/0x0/filters:format(png)/pic6552099.png,legacy_unknown,,
50be2f9e-f35d-40b4-bed0-a708227a189d,Charles S Roberts Best Ancients to Pre Napole,,,legacy_unknown,,
81100977-2084-4665-93d5-aff479a528a1,Bobbin' Bumblebee,2007,https://cf.geekdo-images.com/xEWDhk_qjdBzilLORMRtug__original/img/cuWDijSRKcn34uJdE3RZpRHODCU=/0x0/filters:format(jpeg)/pic402309.jpg,legacy_unknown,,
559076da-1edd-42c3-a8fd-f00ddedfdd71,Now or Never,2022,https://cf.geekdo-images.com/By59lVylKiQh_ICJUgK5Tg__original/img/53w7Bysm7Qhi6SHgrSUIC-tP0xU=/0x0/filters:format(jpeg)/pic6209785.jpg,legacy_unknown,,
0b335b42-9a57-4303-a68f-af0307e01f99,Flash Duel: Second Edition,2011,https://cf.geekdo-images.com/91htfnHKZtmpXFgx8p89rA__original/img/bH1qeVyT07WnznDGNdaY7jw3EqU=/0x0/filters:format(jpeg)/pic1088491.jpg,legacy_unknown,,
0ab2c30f-626e-401b-ab23-333c3de6a399,Set a Watch,2019,https://cf.geekdo-images.com/E_-9WT4_6-kABS796Q-piA__original/img/b1r3xRKUZBJm7-NUjjdwcdKk2IE=/0x0/filters:format(png)/pic4162054.png,legacy_unknown,,
cf59e0ce-56ce-4b85-8b8b-d87b3b950797,Aristeia!,2017,https://cf.geekdo-images.com/Tre1B7gmGFMNfNi6XsgkBQ__original/img/Tv0XXVsYKr5q36JoetYwgbqEYio=/0x0/filters:format(jpeg)/pic3667786.jpg,legacy_unknown,,
f413c1af-6d5e-445c-bfff-12b89b9f6077,A4 Quest,2017,https://cf.geekdo-images.com/5IaQmO0AQS6TxtgklKfD0w__original/img/rlp4OZrwIZiDH2Mt61Gaxr93wCo=/0x0/filters:format(png)/pic4274263.png,legacy_unknown,,
df2cc174-6c57-4324-85e5-96c0cccac780,Nounsense,2012,https://cf.geekdo-images.com/rV0u5HOFfs0tEwoQENM8ZQ__original/img/2iboyYqWB9TuJt51tb8gDLYhuZQ=/0x0/filters:format(jpeg)/pic1751544.jpg,legacy_unknown,,
df3ae889-0656-4bea-8b96-7ce9a6e11781,Blood Rage,2015,https://cf.geekdo-images.com/HkZSJfQnZ3EpS214xtuplg__original/img/Myy6IPDJDzLoPdXrPXVZcddBQoQ=/0x0/filters:format(jpeg)/pic2439223.jpg,legacy_unknown,,
5c26bb47-ab90-4caa-bfa6-b3121f43ee8b,Ticket to Ride Legacy: Legends of the West,2023,https://cf.geekdo-images.com/2H0pJddVJA3r6btqRNLG1g__original/img/q8N6sz7FIZkbXe_0d4RiIfM8aNU=/0x0/filters:format(png)/pic7541330.png,legacy_unknown,,
2d2988f4-75c8-4474-934b-c089a6b726ca,Great Plains,2021,https://cf.geekdo-images.com/ueyzy1EXBN8EGunD-p6T5w__original/img/nvHSLpgw4HCcupaP_p1V6PwueCA=/0x0/filters:format(jpeg)/pic6035384.jpg,legacy_unknown,,
c4b3e214-a47d-4415-a625-6f9e0bb5302d,Santorini: New York,2020,https://cf.geekdo-images.com/fcp8jiHHELBu0gysThUCvA__original/img/eIqryMine3cTq58VzSIZfKVHF5U=/0x0/filters:format(png)/pic5562971.png,legacy_unknown,,
24befb6e-c87f-4336-b8ec-6cd3d1e23544,Agricola,2007,https://cf.geekdo-images.com/dDDo2Hexl80ucK1IlqTk-g__original/img/toobKoejPiHpfpHk4SYd1UAJafw=/0x0/filters:format(jpeg)/pic831744.jpg,legacy_unknown,,
16d5d432-385a-4e5e-953d-bdf2cf4749b4,Alubari: A Nice Cup of Tea,2019,https://cf.geekdo-images.com/_1-7QfNv7_22GTEEo4bEEg__original/img/LML_bskFfmD0z6qhtDNtw9dNuXE=/0x0/filters:format(jpeg)/pic4949326.jpg,legacy_unknown,,
5133436f-80cd-4627-9ff1-0ef21671bd95,Blokus Trigon,2006,https://cf.geekdo-images.com/aPTEkOgzqLH4v-kY4M0zXQ__original/img/n5kvQb3ZR8Ga_s1_0imfrNZHHyw=/0x0/filters:format(jpeg)/pic5412064.jpg,legacy_unknown,,
86e7de06-4a59-4c0c-bd93-d879714805e0,Ancient Terrible Things,2014,https://cf.geekdo-images.com/ZJu3bJo1rreNIo1QzVhg1Q__original/img/PzCX2o-K_DLo6XgPPO4LRT1mddE=/0x0/filters:format(png)/pic2038435.png,legacy_unknown,,
6fcc9c4c-8388-4c05-ad18-7734e37b9eec,Under Falling Skies: A 9-Card Solo Game,2019,https://cf.geekdo-images.com/lzIR6BVEYHKo7sswQmcEsQ__original/img/SeaQym-g75IoAnz8SC0kRyl2SNc=/0x0/filters:format(jpeg)/pic4610447.jpg,legacy_unknown,,
b61da104-88eb-4d2d-813c-ce628ad32697,War of the Triple Alliance,2021,https://cf.geekdo-images.com/iJPr5w4Yg_qwgJ6Nq9rU_w__original/img/6hxbgeQeoF-r2Hvpt0HsEHqc3Tk=/0x0/filters:format(jpeg)/pic6430031.jpg,legacy_unknown,,
80be7bff-3d7a-4dce-a10f-9a9849c0911d,Aquädukt,2005,https://cf.geekdo-images.com/vHUUf6SZHKPS5lLP5zOFyA__original/img/fyrNxIcNglG-yz5tKIWiXDzge14=/0x0/filters:format(jpeg)/pic113373.jpg,legacy_unknown,,
d3fa0ae1-b6b6-4567-945e-b5fb33b473bd,Lucca Games Best Concept Art,,,legacy_unknown,,
924d23f8-dc20-4b63-aa49-1762736b8ba5,Mad Dogs with Guns,2012,https://cf.geekdo-images.com/3wDKGHRW8tBZnwoYNRzdqQ__original/img/HYmum6mv9A0pi8n04XiVmS_qwBM=/0x0/filters:format(jpeg)/pic4662687.jpg,legacy_unknown,,
4d4e80d4-025d-4ea4-8af7-7452c9042a8c,Nottingham,2006,https://cf.geekdo-images.com/MaztFyG9tOYYW9oFKTGUsQ__original/img/nsmYfW3Ovm5QQ98OBElWzj-qFfQ=/0x0/filters:format(jpeg)/pic1514260.jpg,legacy_unknown,,
11321a3a-a0e0-4005-822e-728851850d4b,Eight-Minute Empire: Legends,2013,https://cf.geekdo-images.com/4aL5A2NIxKmITsXZboABvw__original/img/f1g5F2zkWi63MiVvaO2d3PpuGAA=/0x0/filters:format(jpeg)/pic1708628.jpg,legacy_unknown,,
1f54ae37-8c88-4201-879b-fac832ef4af0,Welcome To...: Collector's Edition,2023,https://cf.geekdo-images.com/4SAnljGi7c_dgBaDYzE-eg__original/img/OjXHmj05kZn2oQMZ8v7vUY2hlJo=/0x0/filters:format(png)/pic7612312.png,legacy_unknown,,
7615037b-076b-4743-8d1d-411d7da41c4f,Gloomhaven: Buttons & Bugs,2024,https://cf.geekdo-images.com/Z6MMX39UEAZT3-f-DlnHsA__original/img/0t6A_tOIToHUkrBkhd2vUKDfric=/0x0/filters:format(jpeg)/pic8114705.jpg,legacy_unknown,,
e124c187-d1c6-4e93-a033-5c2246d0fcf7,Monster Maker,1988,https://cf.geekdo-images.com/v8WxNC1xzEKkGoxj8fLGwA__original/img/S9M4RFKAp0iUYknANBgvnnRF2ng=/0x0/filters:format(jpeg)/pic4857326.jpg,legacy_unknown,,
e1351b3c-444e-4b6a-8091-c7d0c4796e4d,Jää Sulaa,2013,https://cf.geekdo-images.com/LXp9kxvTCHt8gNtmQ1TMRQ__original/img/YdCmHevq8tQTQuJo2AA4pmsX4KM=/0x0/filters:format(jpeg)/pic1643466.jpg,legacy_unknown,,
e528c764-2685-4102-a763-e2dab6ee2107,Ancestree,2017,https://cf.geekdo-images.com/MHYlXIDhmuTrqhwaSGxYjg__original/img/EF3w6cKdtaM0qzAoe2Lttb7tXN8=/0x0/filters:format(jpeg)/pic3639106.jpg,legacy_unknown,,
0c650d9c-0063-4387-974d-40b3fba11900,Clue: Treachery at Tudor Mansion,2022,https://cf.geekdo-images.com/mBMAPAuyaR7btbm_80ZJUQ__original/img/Z_iQZf87t9HpWG8q0SV0WNDX0dI=/0x0/filters:format(jpeg)/pic7912768.jpg,legacy_unknown,,
06310b32-97d9-4434-a547-21e96a969092,Dinosaur World,2021,https://cf.geekdo-images.com/q-CvtJOYWZQDw1tuOdDd4Q__original/img/Eo6IIIYE_Ks1AkMS7garjfSXsh4=/0x0/filters:format(jpeg)/pic6020854.jpg,legacy_unknown,,
e209db87-ef57-462c-931a-e1de3205a876,13 Sheep,2019,https://cf.geekdo-images.com/ejURisBqNJUUtFwc3tZBSg__original/img/szhcsMLHnaLV9RRyKIwqX4VpwwE=/0x0/filters:format(jpeg)/pic4746382.jpg,legacy_unknown,,
e20f47c0-361e-4475-bfb7-3d0a151e6b34,Cube Duel,2020,https://cf.geekdo-images.com/Pt1EuB5yPthOC0kjPkvDPg__original/img/NISG-wQpL8LhZLthb-b3VwPhWeQ=/0x0/filters:format(jpeg)/pic5224582.jpg,legacy_unknown,,
0c3cadce-9809-41ed-ae29-ce9dd4928e31,Marvel: Remix,2022,https://cf.geekdo-images.com/1EilwFEoi4ZLKX7aqw2mmQ__original/img/6WBhVvFaJ17bkDv605GQUuQLNGk=/0x0/filters:format(jpeg)/pic6778570.jpg,legacy_unknown,,
26bb5762-165c-4d48-a513-3bf39dd91ff4,The Lord of the Rings: The Two Towers Deck-Building Game,2013,https://cf.geekdo-images.com/dh5CBZPHtx1kUBRQXme83Q__original/img/grNsaXEj4mH_tw1NSQPO_no6_n0=/0x0/filters:format(jpeg)/pic1720276.jpg,legacy_unknown,,
347e4cb7-de32-43d2-960c-70f622653121,Phantom Ink,2022,https://cf.geekdo-images.com/uf-JTBfP9_jm7_FX3DQE3A__original/img/HGtNS9jtZuHim89ctPJ0zcRiXsM=/0x0/filters:format(jpeg)/pic6278116.jpg,legacy_unknown,,
691144a5-e0c8-4edb-a282-fe229a398d2d,Schotten Totten,1999,https://cf.geekdo-images.com/69mwXe7c6HNYmT6S35Y4zg__original/img/C5YBiD7Qhpkf5FO1GteEjo9KRVE=/0x0/filters:format(jpeg)/pic2932872.jpg,legacy_unknown,,
3706436b-775c-4980-9bd3-6af9ea6618d9,Augsburg 1520,2006,https://cf.geekdo-images.com/mcYIgcVtmlVCP5xFrxq7NA__original/img/_9Wa_MLLjVTe4qk7VnpYxmKZQF8=/0x0/filters:format(jpeg)/pic166630.jpg,legacy_unknown,,
ab0ae8e3-284d-4ad1-b59b-4de059ac8866,20th Century,2010,https://cf.geekdo-images.com/DdNw5O4hYbvnANbHF8Xtsg__original/img/82xFXy7pyKctiJ4qYFA--wOta9k=/0x0/filters:format(jpeg)/pic830922.jpg,legacy_unknown,,
c3e839b8-92d5-40c2-af9d-ba70c553b673,Among Cultists: A Social Deduction Thriller,2023,https://cf.geekdo-images.com/ZljGAZbiYM3Ak3Mg4RE1Qw__original/img/8pwHFGkMCacx03ANgln1jZ9QzjA=/0x0/filters:format(jpeg)/pic7181914.jpg,legacy_unknown,,
17d321ab-5181-4e16-b5d8-dd5d268ee8e3,Saladin,2022,https://cf.geekdo-images.com/a1yDs19lCPJgUSNQjbfsmA__original/img/Aq6oi8Th3E30yKM18hq0HOR1ChY=/0x0/filters:format(jpeg)/pic5971149.jpg,legacy_unknown,,
b0f73503-b795-4ef3-b4b3-abc7127db24a,Eight-Minute Empire: Europe Expansion Board,2013,https://cf.geekdo-images.com/gz7Eh7mDOY_ePKmZq7h0yg__original/img/4yU5LAL3gcrVVzNrJp6YQj8zbgE=/0x0/filters:format(jpeg)/pic1730761.jpg,legacy_unknown,,
c3c251f1-77af-49b9-827f-053a8147a5ea,Mythwind,2023,https://cf.geekdo-images.com/pqu26JNQZB0jCcVDC18PKQ__original/img/H66R4AERgf5JoiefCgm195rujzg=/0x0/filters:format(png)/pic6422235.png,legacy_unknown,,
2a8dd415-6d81-4062-98f6-4b666d0804e5,Thurn and Taxis,2006,https://cf.geekdo-images.com/OlwMFxx9t6HGndTSKaWxhg__original/img/SPiwIEJ1u6hBJtG4p4BrCgrPwDs=/0x0/filters:format(jpeg)/pic115300.jpg,legacy_unknown,,
12214a1d-7bce-40aa-be0e-461ca35ff375,"Warhammer 40,000 (Eighth Edition)",2017,https://cf.geekdo-images.com/lUe0vm95N25_PKDJPBL58g__original/img/DxOwCW5AJa-7RJk2PxWTQBLOUCI=/0x0/filters:format(jpeg)/pic3601388.jpg,legacy_unknown,,
435fee0a-f810-4e91-9f9d-88b24ce190ff,Bucket Brigade,1998,https://cf.geekdo-images.com/nJHbYFhxUQUDtf-S3s5bAA__original/img/9obNdfPuabb-DXPnC2kz8HgESIo=/0x0/filters:format(jpeg)/pic199026.jpg,legacy_unknown,,
e2398e9e-a639-4076-b031-575bbe731bc6,Galaxis,1980,https://cf.geekdo-images.com/KY2muw_q-NXwcASBry6cvQ__original/img/qJQ7t551pAmy22VMHK3DvZonlFo=/0x0/filters:format(jpeg)/pic521457.jpg,legacy_unknown,,
3fc2f10e-f8e6-4fa3-8e0e-dca945a048e3,Break the Code,2017,https://cf.geekdo-images.com/OnzOo8WGQVEGLIk-GFIzdg__original/img/kSXKBiOh6nFix2jFuR7VuYFzWBU=/0x0/filters:format(jpeg)/pic4920145.jpg,legacy_unknown,,
eef0694a-e38e-4652-9d9f-e3a1212a717c,Thunderstone Advance: Numenera,2013,https://cf.geekdo-images.com/LpsKXV2FJlbKwB29ZcYmYA__original/img/928NZBMM3AO3FufxFsSdBdZ2HsQ=/0x0/filters:format(jpeg)/pic1683747.jpg,legacy_unknown,,
704c2155-0841-4472-9d3e-3e561f1d35c6,Kero,2018,https://cf.geekdo-images.com/ECS_IOr5UDpwXRZZO37KMg__original/img/0snFBM89tEe4Q2ljAMH40pUAsuk=/0x0/filters:format(jpeg)/pic4093955.jpg,legacy_unknown,,
9b35e598-c232-4be3-8eb4-a8510d6e9030,Botanists,2019,https://cf.geekdo-images.com/i4LAJGsQL7KP1t5hemIPMA__original/img/YLZ_1hMjWXONad_9L5vW5DkJp7o=/0x0/filters:format(jpeg)/pic5240746.jpg,legacy_unknown,,
0e9d2111-86b6-46e9-bebe-808ec16b9f6e,Unconscious Mind,2024,https://cf.geekdo-images.com/ufkAbhulnKJ7uDpi09TXOQ__original/img/hhBc0bcNj9U3t-4trByrjrO8-ro=/0x0/filters:format(jpeg)/pic7127448.jpg,legacy_unknown,,
5702457e-2573-4409-980b-3d461be5e38a,Lord of the Rings: The Confrontation,2005,https://cf.geekdo-images.com/xhhweBvqjlGlXKBtzZv_sA__original/img/6vz2yNdd3OiIHCno7GpZfC0HD6Y=/0x0/filters:format(png)/pic8978865.png,legacy_unknown,,
e2c1a6e9-d693-4d00-9d7b-12c4b09e76cd,Barbarians at the Gates: The Decline and Fall of the Western Roman Empire 337 - 476,2022,https://cf.geekdo-images.com/-aDvT_xvfm4J89DWx197Ig__original/img/WfzwSO-RAS4eojl0IQ7eASXahwo=/0x0/filters:format(png)/pic6795902.png,legacy_unknown,,
4da019f8-52a3-46c7-8119-bf922d3ae743,Aeon's End: Legacy of Gravehold,2021,https://cf.geekdo-images.com/1Qaduzuvtys309JMZ41BYg__original/img/E0SFDkYRGT-TCr8AwVFF3HpgylY=/0x0/filters:format(jpeg)/pic5976100.jpg,legacy_unknown,,
594c1508-be66-4f10-a4b3-59356387e106,Space Walk,1999,https://cf.geekdo-images.com/r2GVIqKEHxk8FkE7szJthQ__original/img/Ybv1nJYHrZSq_vOnKhF1fMAkle8=/0x0/filters:format(jpeg)/pic362001.jpg,legacy_unknown,,
2e978b04-d5d4-4a4e-9d91-6f0fc545f343,Asymbol,2021,https://cf.geekdo-images.com/nH-0ZMZoUTu8p4BdCf_sZQ__original/img/QmoLmYsD1t1QxQ-FhKUf4rIOI60=/0x0/filters:format(jpeg)/pic6845849.jpg,legacy_unknown,,
62933cb5-8c28-4340-b166-49984d329349,Perfect Words,2023,https://cf.geekdo-images.com/MjnWmm4eLcLGKXujuDafGw__original/img/5gunPRcRGJ7PZ3VeAoom3opNj2U=/0x0/filters:format(jpeg)/pic7602328.jpg,legacy_unknown,,
b1e9027f-7493-45ba-af97-d2c323bd8d94,Port Royal: Big Box,2022,https://cf.geekdo-images.com/T2czH3s3vbNV0pf1bZhhQQ__original/img/JjOQBblshAUuKKtYxIqQ3CKM4bM=/0x0/filters:format(jpeg)/pic6265475.jpg,legacy_unknown,,
7baee43f-df02-4fe1-a08c-ca77f7c8192e,Boomtown,2004,https://cf.geekdo-images.com/vhSwPyIL6n4kkmkaxfS6Zg__original/img/AzsipmdDiZ9JlDaF8HXTotF2u20=/0x0/filters:format(jpeg)/pic49310.jpg,legacy_unknown,,
58f75342-c176-4e52-bf46-c00f4f160a14,Kashgar: Merchants of the Silk Road,2013,https://cf.geekdo-images.com/wEcuixeJMR4e1Jj85qRvWA__original/img/0yQGaqRGuOTAoVA-PlaBqGBJZ5c=/0x0/filters:format(jpeg)/pic3697855.jpg,legacy_unknown,,
09705654-b28c-4a13-9939-3066373cf24b,Unsurmountable,2021,https://cf.geekdo-images.com/ONaHD5ZX_LnX2xdh0ClX_Q__original/img/Vg7pF1dRZzoAWyWRv444FP4hUJ8=/0x0/filters:format(png)/pic6385752.png,legacy_unknown,,
6e1619f9-3682-4d8a-bcd9-16c456d519db,boop the Halls!,2024,https://cf.geekdo-images.com/pfI_p3p9HYy7OFsL6fZzRg__original/img/JfQdqCdxb8lGik3lq2_270oeqlg=/0x0/filters:format(png)/pic8105687.png,legacy_unknown,,
e2ec97ff-1087-4390-a4b9-0d3304e9c1a0,Warplan Dropshot,2002,https://cf.geekdo-images.com/mt8Q9YNqFa8sTHL2_AjLaA__original/img/tMbsFezQKVeb30MQdPDK6kSvB3w=/0x0/filters:format(jpeg)/pic59848.jpg,legacy_unknown,,
121e84f7-ec22-44d6-9b04-ace751384e0e,Charles S Roberts Best Early Gunpowder Era Bo,,,legacy_unknown,,
e2f0586c-90d4-415f-8598-ccf0053df187,Kurre,1998,https://cf.geekdo-images.com/6nkkmQXq-kNNgt3aGPOFqQ__original/img/0eC_SGyLiHMhHzbr_dxXms8aGJY=/0x0/filters:format(jpeg)/pic71994.jpg,legacy_unknown,,
00291b8d-d0fa-4946-98b1-30d3d7ef3ba9,In Magnificent Style: Pickett's Charge at Gettysburg,2012,https://cf.geekdo-images.com/U3YdceVp_QsLy9RueGPuJg__original/img/TPUkYYQ9QrZG9456Nj7YKUbTxKM=/0x0/filters:format(jpeg)/pic6953372.jpg,legacy_unknown,,
0c96f56d-3410-426d-bef6-1e44002e4c9c,Project: ELITE,2020,https://cf.geekdo-images.com/5vp2W-DZ7waaaeZBFGF7LA__original/img/4KJD90WghLzp4Z4UNjDMsUDf6jA=/0x0/filters:format(jpeg)/pic5740623.jpg,legacy_unknown,,
336e4ddc-92d7-49d3-b8fd-54bd359cf3fa,Sylvion,2015,https://cf.geekdo-images.com/LRuwX_qAGXDSWRF2fufzAw__original/img/meUZVk9bubquyT4w47HZiULAcWg=/0x0/filters:format(jpeg)/pic6863747.jpg,legacy_unknown,,
7958c27d-c011-4185-a0ed-f8aac767f3e6,Western Town,2005,https://cf.geekdo-images.com/5vSRjmNTRljWgyTcfwlwcA__original/img/WUJOwH5R62gKR1WE-8mXPff_CTU=/0x0/filters:format(jpeg)/pic1360629.jpg,legacy_unknown,,
33fba220-5cef-4fac-b41b-bda75543c4c7,Test board game with honor,0,,legacy_unknown,,
cb96602c-5b3a-4c75-94b0-9b42ca931db5,Paris: Eiffel,2021,https://cf.geekdo-images.com/LBPBUUwp2fTKPmTCg3dBLA__original/img/lfMoGyyFhpNdKbXZ_FXk4TYsnYs=/0x0/filters:format(jpeg)/pic6049890.jpg,legacy_unknown,,
e34af366-5206-4601-90cc-8f74e628d704,A Game of Thrones Collectible Card Game,2002,https://cf.geekdo-images.com/oXhIxCAOQKDwOHHNIHtERA__original/img/TyBmn_HnkdpRi4mLPv1uYuljOeE=/0x0/filters:format(jpeg)/pic115315.jpg,legacy_unknown,,
287cd641-8ec2-4b04-b762-87d3057bc678,Dinosaur Table Battles,2020,https://cf.geekdo-images.com/2rMeZdlol77fhm3JLH6UVA__original/img/R5QkSIOQoHrEgw6_I7rxwysZZKU=/0x0/filters:format(jpeg)/pic5423205.jpg,legacy_unknown,,
d64e104a-573f-4e83-b7e2-3bb3499a47e7,Pokémon Master Trainer,1999,https://cf.geekdo-images.com/9c8JPoCjA4YP99jr8T-8Jg__original/img/Smj-mwPB9SJ6IyyAxVJ2I_UQ4UU=/0x0/filters:format(jpeg)/pic297011.jpg,legacy_unknown,,
0a8fa3b5-77d5-422b-add8-4496c5b6f985,Unlock!: Escape Adventures – Fifth Avenue,2017,https://cf.geekdo-images.com/wMp1VvKzAlls4ZAwxyrVBg__original/img/3JWz5GNyBdJGsraW4N-Ej9rFmjM=/0x0/filters:format(jpeg)/pic3711964.jpg,legacy_unknown,,
e636e3a5-ae0a-49bd-acb3-60fa0091caad,Drakon (Third Edition),2006,https://cf.geekdo-images.com/M16DElXmmeR5O_78d1CpOA__original/img/V5iPzR4V--HM6_e60Kn4JZwO1d0=/0x0/filters:format(jpeg)/pic153409.jpg,legacy_unknown,,
2c90f72f-f399-4528-b29d-f170df61bcd8,Rolling Heights,2023,https://cf.geekdo-images.com/Ko4dCJkyNFD8u1W5SCDEZw__original/img/vOd9Cl56_-8I_Hw7AlqBS1mrpks=/0x0/filters:format(png)/pic5992107.png,legacy_unknown,,
146a9f59-0e77-4187-9e29-a047ba8d87c8,Who Goes There?,2018,https://cf.geekdo-images.com/pZYFZMdvtAqeO7SZ4R3Cmg__original/img/Vks-jtkBwNyG2yj1nl32UQh_Pwc=/0x0/filters:format(jpeg)/pic4060782.jpg,legacy_unknown,,
f0b89147-b118-426f-ae1a-91fb0e441a89,SEAL Team Flix,2018,https://cf.geekdo-images.com/FPAFDdiIjtUvydZA4bX_Ww__original/img/iDYFXq6hWS1UlAzUda0g6F06Vr0=/0x0/filters:format(jpeg)/pic3918115.jpg,legacy_unknown,,
eaf4f868-dba5-44a7-8477-2b9c55a2b650,"UltraQuest: Gold, Ruhm! und Ehre!",2016,https://cf.geekdo-images.com/qLFKi7SszvYW7xvrdPJ6BA__original/img/W-O_YPljvODDCD0skf8mb9xpAwg=/0x0/filters:format(jpeg)/pic3026472.jpg,legacy_unknown,,
f7beb18b-d2fb-4bd4-a46f-0771ad7f802e,Axis Empires: Totaler Krieg!,2011,https://cf.geekdo-images.com/MeSxkc7qja-NsUtvjkYn5A__original/img/W3FVwkl54jEq5DyXUH6AUKYoyII=/0x0/filters:format(jpeg)/pic1024641.jpg,legacy_unknown,,
0ccb4576-976f-4602-9681-af1f1d2e39a0,Quartermaster General,2014,https://cf.geekdo-images.com/Zk0-8p1ycsumFeXgAz1LZw__original/img/9crF5lM_QF_SQ_VPpcYihnJnfAo=/0x0/filters:format(jpeg)/pic2020915.jpg,legacy_unknown,,
9d7b375a-25b4-4edf-b6a0-2f5531d3452e,Teotihuacan: City of Gods,2018,https://cf.geekdo-images.com/wW5xjgBJcFyLaEWZwrYuKA__original/img/72kzn6t41ZxLEr3GFd8ir6hDdH4=/0x0/filters:format(jpeg)/pic4583626.jpg,legacy_unknown,,
e3537e7c-be52-4bad-8da3-8f4712c82efd,Michael Strogoff,2017,https://cf.geekdo-images.com/ctTcGlgSuOSs5LiFuLQAlA__original/img/ot8UR9wxp8kpptNGRSmLL05UAHs=/0x0/filters:format(jpeg)/pic3584297.jpg,legacy_unknown,,
248ecea6-b76c-4e78-92ea-d4a12491abea,Winner's Circle,2001,https://cf.geekdo-images.com/oS9H9GsVkOuS0B40bT5V8g__original/img/tKMXXehPoVnH0QGldWdtUlsoNgk=/0x0/filters:format(jpeg)/pic7745780.jpg,legacy_unknown,,
e37737c4-ab42-4d7b-bf1d-5ef58871471f,Moods,2000,https://cf.geekdo-images.com/AdEh13XTwWOJc1cWelFGTA__original/img/HQD9_liShRt6UY4eg-jAqAz34V4=/0x0/filters:format(jpeg)/pic475818.jpg,legacy_unknown,,
0d07324c-a778-4d0a-ab5c-176352c7aba8,Solar Storm,2020,https://cf.geekdo-images.com/irErlpcjcOjOdRc7a5ftqA__original/img/WF5KMUGIkgicPG_FbGanMfC21dM=/0x0/filters:format(jpeg)/pic4608845.jpg,legacy_unknown,,
e3cc5523-3a7c-43bf-b1c2-0b2fc0ccd018,Cortes: Conquest of the Aztec Empire,1993,https://cf.geekdo-images.com/7u6DqIuOWGvO6gmVVjot_w__original/img/6ykXigqeTNp3UTMclXy_nCwF3po=/0x0/filters:format(png)/pic2250770.png,legacy_unknown,,
a31ca295-18c6-42ce-9cf3-23012add0725,DruidenWalzer,1999,https://cf.geekdo-images.com/CrqcHHFRGrP2NliE_xBY6A__original/img/uKkafXDJOroXgxT52-mD6pbLtoo=/0x0/filters:format(jpeg)/pic3758517.jpg,legacy_unknown,,
e92a4d4c-4b13-40ff-892a-f3b54b6cb1f7,Dice Settlers,2018,https://cf.geekdo-images.com/Rq78Zg67kx0Ay24kgNnx0Q__original/img/Bsg0JxFtvDlhn6zbuX0bpSbwV6k=/0x0/filters:format(jpeg)/pic4145901.jpg,legacy_unknown,,
2aad25f8-06a9-4279-b265-3aaa520d6762,1914: Fureur à l'Est,2021,https://cf.geekdo-images.com/TXJLDN3LxymXPBBIX_7lMA__original/img/9OcEkQAiR3g7_zi1l85PYKC9EYo=/0x0/filters:format(png)/pic6375196.png,legacy_unknown,,
8014f700-0908-4ba6-bb8f-c3af83d60983,Capital City,2017,https://cf.geekdo-images.com/nY5l-XWAecdHLSmWnEAyLg__original/img/ogY4o7OYEyYYISO71z1NgGo2ve0=/0x0/filters:format(jpeg)/pic3639107.jpg,legacy_unknown,,
7cd7337b-36de-4c41-aa10-ba16706d42a9,For the King (and Me),2021,https://cf.geekdo-images.com/tGv5jsoJoUIpdT-0LONFpw__original/img/M_1UlValF4J6UrcElRXfv-u0QNI=/0x0/filters:format(jpeg)/pic6071668.jpg,legacy_unknown,,
e3cdadd0-37a5-4523-aaba-2ce656336d98,"Elusive Victory: The Air War over the Suez Canal, 1967-1973",2009,https://cf.geekdo-images.com/J_-z3sNetA5OP_1e15dRIA__original/img/WNXhc0rS6nuVbmrclQ_1YcYuo_E=/0x0/filters:format(jpeg)/pic506185.jpg,legacy_unknown,,
2bf536fd-f861-4030-bd59-ca192de2eb0a,Machi Koro,2012,https://cf.geekdo-images.com/_lI2eUDHfesfe5SswJiFAg__original/img/H4XHVffQ4SOxgWoG396I9LUrwg8=/0x0/filters:format(png)/pic4783831.png,legacy_unknown,,
32661b79-e6fa-4a18-a450-239ec30b0a49,Tales & Games: The Three Little Pigs,2013,https://cf.geekdo-images.com/rdSKRuh85xv6MmHBn9-aUQ__original/img/6-Ovveb-QOJG7EqUX9PLxnCIwoI=/0x0/filters:format(jpeg)/pic1701673.jpg,legacy_unknown,,
0d5d8261-74e3-4c7f-b160-ed61e526a4be,Municipium,2008,https://cf.geekdo-images.com/PvcTQSbJWNpyk_4uc5FINw__original/img/lUZNC-bfKaonK69RqXMJv_U5TOE=/0x0/filters:format(jpeg)/pic1087976.jpg,legacy_unknown,,
1d1cef13-f615-4e0b-a67a-6619ee3f42f1,Patchistory,2013,https://cf.geekdo-images.com/vENMrvRgN3ZPef-Hi8q-6g__original/img/1-jvSSB1tXHHu2We3t-tfqCbSPI=/0x0/filters:format(jpeg)/pic1949968.jpg,legacy_unknown,,
289ac114-6727-4f78-ac3f-cfcd595c9317,Twilight Imperium,1997,https://cf.geekdo-images.com/4CEaXqehBHS4JCPGMDfnsg__original/img/hlBKez79K3my9EIFynxty5iwTCA=/0x0/filters:format(jpeg)/pic857.jpg,legacy_unknown,,
59525843-bc4c-468b-9c88-8728b9588133,Australian Games Association Game of the Year,1995,https://cf.geekdo-images.com/LwM4l_tjdDS7tLHvxC-BfQ__original/img/T1bZTPN0jS0mVNMg5e1s4DCjz2E=/0x0/filters:format(jpeg)/pic102374.jpg,legacy_unknown,,
0b39d49d-a018-44d7-bed7-3638dae5fe6f,Bear Raid,2022,https://cf.geekdo-images.com/bL94FVNAUllHJgvJ_L_q5A__original/img/zJ0nQhBZa9XD2xuC4BP9qJ7QPs0=/0x0/filters:format(jpeg)/pic6060143.jpg,legacy_unknown,,
7900249a-42bb-4c81-9f38-5767997a814a,Go Ahead Punk!,2024,https://cf.geekdo-images.com/7sQ__25dgFbBFR9NYiNnhA__original/img/ZDSRiP4krtsyNr5yM8B3KZmvz6Y=/0x0/filters:format(jpeg)/pic7806430.jpg,legacy_unknown,,
8937be34-4bac-442c-9458-4bba48e551ff,Medici,1995,https://cf.geekdo-images.com/iif2Nv17Vhw8puN2bATaaw__original/img/imp-iw4Sq2_rv7pEWbGRIpcmVTw=/0x0/filters:format(png)/pic7794273.png,legacy_unknown,,
81a1ddae-e0e5-407b-8769-a0eeaf695e0a,Pocket Landship: Free Trial Version,2017,https://cf.geekdo-images.com/a7-0mP-HezYwcATGk8cGlA__original/img/6cndGvdIG9U-cZ-rjO4tObmQoiE=/0x0/filters:format(png)/pic4411882.png,legacy_unknown,,
2bff096d-7348-46ee-9756-438732ec2905,Say Anything,2008,https://cf.geekdo-images.com/6yVHs8Xa9H3-10ls3H8Ojw__original/img/hg5lb99W9JM_PrIGvXDNdggABck=/0x0/filters:format(jpeg)/pic4222162.jpg,legacy_unknown,,
a4fd7446-9878-4d9f-af27-6d70c0e1c399,Nightfighter: Air Warfare in the Night Skies of World War Two,2011,https://cf.geekdo-images.com/uH7HLF7m_4IDDkT4eV7wSQ__original/img/SDIlMOnRF0V5f5YVvbxGRKWhXpo=/0x0/filters:format(jpeg)/pic1014708.jpg,legacy_unknown,,
5a89ad27-4e8e-44cd-8717-a3b69fbb40cd,MarraCash,1996,https://cf.geekdo-images.com/MG02VVqE39lZZdOgtJU0mg__original/img/8ORCptrP1isD69HfHLq_C9tWnh0=/0x0/filters:format(jpeg)/pic573942.jpg,legacy_unknown,,
cfff6025-ab25-453c-b19d-3bae241dbee1,Lys Enfant Finalist,1999,https://cf.geekdo-images.com/kD3mjGxkxNAsvZdwZDUK3w__original/img/wYc4KnryCUZ-H0HcSZJQkMmn414=/0x0/filters:format(jpeg)/pic6548436.jpg,legacy_unknown,,
e3e27d57-649d-4b6b-96bb-bfbd210f756f,Woodcraft: Roll and Write,2022,https://cf.geekdo-images.com/jfW5bKB2Q8PXj20qjX-RtQ__original/img/wqSGf12o3FHv_w18FQ5WEyoOuvs=/0x0/filters:format(jpeg)/pic7232653.jpg,legacy_unknown,,
6c83d2e7-c5c7-43f1-bab9-f34f1e798e39,David & Goliath,1997,https://cf.geekdo-images.com/XTkkx0j13h77fnCG7mYI3A__original/img/a08G83lXvnLaMCgSA9cExpDTvII=/0x0/filters:format(jpeg)/pic359902.jpg,legacy_unknown,,
8dc76a9a-1477-44d3-b34f-190bba0f7065,Giganten,1999,https://cf.geekdo-images.com/xiJmbkTIlaBidfWsewdrdg__original/img/HK4fOXCCLay0A4YVqXO_l0zZOeo=/0x0/filters:format(jpeg)/pic431734.jpg,legacy_unknown,,
a25b52d9-16ab-4601-b404-35765a1d574e,Primordial Soup,1997,https://cf.geekdo-images.com/92He_gRx-E9sZLJwP6lsgA__original/img/qNhNoko5aTtSNK7T3A7XonECNN8=/0x0/filters:format(jpeg)/pic294731.jpg,legacy_unknown,,
4e867353-be06-409d-80f5-0e9c3821604e,Civilization,1980,https://cf.geekdo-images.com/YnRVKSq3NrLKVGPNzcYvqg__original/img/DVfIjAcXRotFftj6yPOc7KKYXNA=/0x0/filters:format(jpeg)/pic374847.jpg,legacy_unknown,,
86e05c17-c7f6-4e23-b755-6c58ed17b6cb,Union Pacific,1999,https://cf.geekdo-images.com/69chi17STdg_NfBrM7UpHA__original/img/1iBmXk3GbNmPiTKI_sdv0rakqaI=/0x0/filters:format(jpeg)/pic226392.jpg,legacy_unknown,,
bc2bc5f9-88df-474b-b752-fd972d73e106,Fortress America,1986,https://cf.geekdo-images.com/a6SXt0FvxYqo1wbjyMrc-A__original/img/1bcMiQoTifkLEDP4-jNHnvPmL-Q=/0x0/filters:format(jpeg)/pic3884550.jpg,legacy_unknown,,
0a4175ae-7c3c-4ab7-a4c9-2a96fa573ae8,A Touch of Evil: Dark Gothic,2014,https://cf.geekdo-images.com/5-PDFN5iW6LD0ePBQV-Saw__original/img/5n6x8az1MbgkqPkXas6J73k15O0=/0x0/filters:format(jpeg)/pic8959136.jpg,legacy_unknown,,
beb07ca9-17a1-4215-8c22-7cd6e6189dad,Detroit-Cleveland Grand Prix,1996,https://cf.geekdo-images.com/j3M3YejTD-N2p1aHTAcg2A__original/img/0eFvFeA40-uxwNolkBEaoldDn-s=/0x0/filters:format(jpeg)/pic70647.jpg,legacy_unknown,,
c1761764-8d07-47ca-9e1a-cb8c33cf84ef,The Climbers,2008,https://cf.geekdo-images.com/-jNNNZAQzbALy2jZfp77lg__original/img/5TN3j3AI2o56UAty5ekjkZrxork=/0x0/filters:format(jpeg)/pic3582920.jpg,legacy_unknown,,
3c0b67e0-91d2-46cb-8c3d-dbe277c9bed0,El Grande,1995,https://cf.geekdo-images.com/RRKDHaYtFPHhczkUDcHOmg__original/img/E_QazS4f8ffj6oBcUl3C_VROCEw=/0x0/filters:format(jpeg)/pic7906240.jpg,legacy_unknown,,
c7efdffa-c565-4db9-9f49-93c2148fffd4,Conquest of the Empire,1984,https://cf.geekdo-images.com/aSc7hgWRp5j9FiIVY3jzLA__original/img/0EIDCfmlc6Dk_0YELMtEzo7C6Ng=/0x0/filters:format(jpeg)/pic901704.jpg,legacy_unknown,,
4fd946c1-40d9-47de-a138-618ac1168838,Ta Yü,1999,https://cf.geekdo-images.com/XlGHKjhSXsoLsqUrRuf1vg__original/img/tqgIE1TjdlDBMiG3_VDBk0ThERA=/0x0/filters:format(jpeg)/pic7016450.jpg,legacy_unknown,,
3ef651d1-8910-44f7-908d-5e26d2bd3cad,Valhalla,2018,https://cf.geekdo-images.com/3CGgrR3sPj17KPJ7bAdvCA__original/img/0x2BJcjOeKLQr17kWPDD9ocRQt4=/0x0/filters:format(jpeg)/pic7870972.jpg,legacy_unknown,,
af6093b8-70c2-49e1-97d7-2357006ceed3,Metropolis,1984,https://cf.geekdo-images.com/VbsvVgEvZ0R5IVTsXaOpZA__original/img/-rC2swsWcP48bydp_qjEp7R2hQM=/0x0/filters:format(jpeg)/pic5933098.jpg,legacy_unknown,,
e57a3c9b-7615-4ff0-b79b-bd0ab3f44c60,Bee Alert,2012,https://cf.geekdo-images.com/XBth0gx2Qv_Z8ViCM22ugg__original/img/uvda0mAUwLKtyXPGb_KYWqSbDyg=/0x0/filters:format(jpeg)/pic7936320.jpg,legacy_unknown,,
0c7e15de-7849-43e4-96fa-fae3f7a8832b,Kreuz & Quer,1996,https://cf.geekdo-images.com/r3re6AiPPhCAMuvYemK6LQ__original/img/CTNgrS8CvBkO0ahwaNjNFdtdrNU=/0x0/filters:format(jpeg)/pic327547.jpg,legacy_unknown,,
438c575a-73f1-409f-9ea8-a343e6aa72c2,Monopoly Gamer,2017,https://cf.geekdo-images.com/ZNX8p1k9r0d5QMcpKp64NQ__original/img/kn0fPbiirY2hLNrzTtO2qAjRvAI=/0x0/filters:format(png)/pic3925506.png,legacy_unknown,,
f961f887-f3d4-45d3-94fc-313c2bbdaeac,Eurorails,1990,https://cf.geekdo-images.com/dRpoTdWSHT70H_e3-c-QSQ__original/img/ys4pvrVLaj2dGFCgjmazNqQT8O4=/0x0/filters:format(jpeg)/pic509670.jpg,legacy_unknown,,
3fd3618d-1bb7-4cc9-9c54-3e8602a03da3,Ra: The Dice Game,2009,https://cf.geekdo-images.com/Bg36bYMjR3JJk9smL6ZjlQ__original/img/nNr3s_nKmC2gymNHOAsF4e4MlzM=/0x0/filters:format(jpeg)/pic533845.jpg,legacy_unknown,,
e5a3541b-79b4-4dd0-8b27-8add273b0df8,HexAgony,2014,https://cf.geekdo-images.com/swOjU-9ff6gD7U1wyAKlDw__original/img/pakY56DR9mfhPT7dqOnQ06e0o4U=/0x0/filters:format(jpeg)/pic2373150.jpg,legacy_unknown,,
e819a0e4-5833-4da9-87b2-b6d113a26039,What the Heck?,1988,https://cf.geekdo-images.com/H8E6oM1nSZhTEObsWidbxQ__original/img/RrDKOO1rAqBiDP-eLdKUAShmLxo=/0x0/filters:format(png)/pic6796338.png,legacy_unknown,,
8aa0ef89-5498-44ab-b084-4712194bc528,Warrior Knights,2006,https://cf.geekdo-images.com/V6aRvs9U-vs5r011ThWSQg__original/img/1UamODjYQIylF2f1rfb2QJejsnc=/0x0/filters:format(jpeg)/pic106710.jpg,legacy_unknown,,
db48d95f-b3cc-4653-af23-b47b524b3523,Black Sonata,2017,https://cf.geekdo-images.com/UgE_mVxqPMMNKOvXWqC71g__original/img/x6WHFifE2JApTb_Gpg4o99c7xJw=/0x0/filters:format(jpeg)/pic3657983.jpg,legacy_unknown,,
689c176a-7324-4773-8876-49ec65b2db39,Battlestar Galactica,2002,https://cf.geekdo-images.com/bWcxRFch9yRmowpd1vBQZQ__original/img/bHmTJf-3NimsiXsOKYPZJLME4KI=/0x0/filters:format(jpeg)/pic1435610.jpg,legacy_unknown,,
b987016a-cb9c-4cea-aa82-ae9fed521c70,Farben ringsum,2008,https://cf.geekdo-images.com/RBfppialE221F7eVT9wXrg__original/img/tLkO8JT_ZwHYM9U2X_B-LnfYXXI=/0x0/filters:format(jpeg)/pic1014896.jpg,legacy_unknown,,
a0baa614-6db2-4804-bd52-fc57ea8e16b3,City of the Living,2013,https://cf.geekdo-images.com/kbZlGt5h6EqDOjYh0TIArQ__original/img/j9mFS9vYNo6tuj3ebao4WVPZuhI=/0x0/filters:format(png)/pic7841232.png,legacy_unknown,,
e1be79fe-35e2-432e-b7c6-657545deaef9,Pursuit of Glory,2008,https://cf.geekdo-images.com/ER3rcvCQTyk5Y081RX1_8A__original/img/A7vpbd1CydnjCgHl5oVUWHBJoWU=/0x0/filters:format(jpeg)/pic394801.jpg,legacy_unknown,,
09d9da0b-adf3-4e5f-ac77-5a6dbf4cf6dd,Now Boarding,2018,https://cf.geekdo-images.com/yI1Zxy5JAgk7xFWpSqYX7w__original/img/J7wnIUJhfzO-5MJG7eALSWrZn-M=/0x0/filters:format(jpeg)/pic3710609.jpg,legacy_unknown,,
26925734-30c8-4ecd-a17c-9212b8bc00f8,Space Beans,1999,https://cf.geekdo-images.com/tC7YOp3S1rHocF5k-GVR8w__original/img/U6ZWfkYyQBngp8gZ_kMogaMrTaE=/0x0/filters:format(jpeg)/pic129430.jpg,legacy_unknown,,
e69ce0ae-5b36-45f2-9f27-bb2fd5c8453e,Sorts,2006,https://cf.geekdo-images.com/IpoX-v5d7v5bHWzJi8EleA__original/img/lULVrMhYtE8l8G_teZvwdz4nIzw=/0x0/filters:format(jpeg)/pic311402.jpg,legacy_unknown,,
e708bf78-f227-4f12-bed1-3cf1eaacf833,"Battle for Galicia, 1914",2006,https://cf.geekdo-images.com/RD_E8Dk1n4hrCffhG4cGjw__original/img/Ij4IIUEaW4DcL4WOv_6ELkGtidI=/0x0/filters:format(jpeg)/pic6128261.jpg,legacy_unknown,,
11fc8a35-b6d4-4120-96e1-54cab20af85d,Cleopatra and the Society of Architects,2006,https://cf.geekdo-images.com/7cNh9n1YX-TjuWPTjYXSiw__original/img/gbaEwHT_3twIEeYzqH8RDKgiE9Q=/0x0/filters:format(jpeg)/pic1904123.jpg,legacy_unknown,,
e71a3517-f789-4d84-a5b6-26c60bf590a8,Zingo! Time-telling,2014,https://cf.geekdo-images.com/nx67vi4AvBcEVLCBGqjkCA__original/img/tG3LLDTMHQnhRLlJtwcHzeXx878=/0x0/filters:format(jpeg)/pic2047489.jpg,legacy_unknown,,
04afd0ca-1dcf-4825-86ea-4d3ed4ac4963,The Bridge to Treasure Cave,2011,https://cf.geekdo-images.com/LqwhxuU9lXRIRXrHfvGCiw__original/img/lU0DWbL-y8JNVYrrdGJHPLPsLJ0=/0x0/filters:format(jpeg)/pic1051275.jpg,legacy_unknown,,
9c422699-d117-4181-b757-e23a290db991,Kleiner Teddy,2008,https://cf.geekdo-images.com/X-Rt22OH2F2CInq_uty24g__original/img/SMNFuj1ItJ6nTOVOjkXdBpFkUJ4=/0x0/filters:format(jpeg)/pic599193.jpg,legacy_unknown,,
2ac79834-516b-4ee4-8930-956ad20e5322,Ascension: Apprentice Edition,2013,https://cf.geekdo-images.com/L3lyqnxZ_iwnxBnSK96T5g__original/img/ZsdA52ppCCM2mgigGIbisLWSLHI=/0x0/filters:format(jpeg)/pic1733803.jpg,legacy_unknown,,
243e5522-bf6f-4126-9c9a-d6f4d5267c95,The Rose King,1992,https://cf.geekdo-images.com/vfFy_HLiBNLxptwxFDMmDg__original/img/P3_WKEg4RBXmBWIVE4pMhFD35x4=/0x0/filters:format(jpeg)/pic2855891.jpg,legacy_unknown,,
73ef6990-fd6b-44a6-965a-f7f4153454de,Worms: The Board Game,2024,https://cf.geekdo-images.com/QvhLIjlW_oY7EO4kFALWDw__original/img/JDWZ6lk0bxDedvi_03GBoO_4KQE=/0x0/filters:format(jpeg)/pic8818736.jpg,legacy_unknown,,
62d4b4ac-42c9-47cd-94e6-a3cb1e449e4e,History of the World,1991,https://cf.geekdo-images.com/2pr-83ghWQUlwXSLuSTCtw__original/img/_MRG_pnmZQwScJWus84gwaXNflE=/0x0/filters:format(jpeg)/pic287451.jpg,legacy_unknown,,
bed424e5-d8bf-4940-8919-c7d00397281c,Scoville,2014,https://cf.geekdo-images.com/strK8aDLCB5KuqU3zirUOg__original/img/lbwzkn8mx_Bsd8aczlW0TqLDKZE=/0x0/filters:format(jpeg)/pic1903464.jpg,legacy_unknown,,
5c1c9b8c-66aa-4ec3-8273-ab8f470fc69d,Pirateer,1978,https://cf.geekdo-images.com/izfpPdXomDszj0M623ue7g__original/img/3jE7L4ij9d5bvwi9Lo8QXJgZGQQ=/0x0/filters:format(jpeg)/pic1514978.jpg,legacy_unknown,,
ce41be86-10c6-47c8-bb1b-ccfc800e03c6,Glorantha: The Gods War,2019,https://cf.geekdo-images.com/HMT9UXpcv3rA7TOVW9390w__original/img/mvdLYJBQA9W8gjf302EEvQwEPz8=/0x0/filters:format(jpeg)/pic4211206.jpg,legacy_unknown,,
783c4c98-e6bb-4e16-bf73-2ab7332206f6,Amun-Re: The Card Game,2017,https://cf.geekdo-images.com/EWHQLiET4YUtP2ytU8MUQA__original/img/QUYpzr2ARQqo0apZH7cksTInv1U=/0x0/filters:format(jpeg)/pic3674774.jpg,legacy_unknown,,
7f3fafd4-b47f-46d1-a2ac-bb4a1b723f14,Cheops,1998,https://cf.geekdo-images.com/wAJTspPfmCjEfhwY962FSw__original/img/nwyZhOaWeTJwoXBu5AufddKV1Ms=/0x0/filters:format(jpeg)/pic1289537.jpg,legacy_unknown,,
e73edfda-9514-4d4f-a603-40068f8eead5,"Schutztruppe: East African Guerilla Warfare, 1914-1918",1975,https://cf.geekdo-images.com/t2198Ziu9pu0nIUcpv58JQ__original/img/KD_450hMMUnTuGWJnitZuOkNRqk=/0x0/filters:format(jpeg)/pic149173.jpg,legacy_unknown,,
b3bf9322-9cc5-4288-af12-c5ed75173fa9,Gloria Picktoria,1996,https://cf.geekdo-images.com/gn85w-jhVSqd4e8RJ7ahEw__original/img/55qVTq1lw7hb19ztpyBv6PajLu0=/0x0/filters:format(jpeg)/pic587284.jpg,legacy_unknown,,
7b7b2f03-bcee-471c-8001-4dd86de892dd,Men-Nefer,2024,https://cf.geekdo-images.com/hMkpLfORIUsMe4dHuuHPyg__original/img/JsUocrjmr10HEIh-Ii97DCIYUIM=/0x0/filters:format(jpeg)/pic7984201.jpg,legacy_unknown,,
47eefe2c-2838-4ca6-a540-26ce0b541256,PitchCar Mini,2003,https://cf.geekdo-images.com/oeM4n4NFAD47WUpB9W8_fw__original/img/B-InBTd6FBI690-NF3r3lNt4y3A=/0x0/filters:format(jpeg)/pic58034.jpg,legacy_unknown,,
6839d25b-e49e-4a45-81c5-ef958cfe1f2b,Der Fliegende Holländer,1992,https://cf.geekdo-images.com/x5JRP9Y_BaG-4vq2PJw-Dw__original/img/UFnpyTSbXhJ0AatoFc0t3er9d5E=/0x0/filters:format(jpeg)/pic2042135.jpg,legacy_unknown,,
e7a2f8ac-d6a4-40e3-9606-4ed3b1ef66df,Boże Igrzysko,2010,https://cf.geekdo-images.com/NNcEjEQV_AO_1LuB0yc3rg__original/img/fFFw_XP90vO9xwkmNouziZLgxPE=/0x0/filters:format(jpeg)/pic626014.jpg,legacy_unknown,,
c2078cc6-f13d-476e-b4ca-d8efbe5b6bc2,Enkounter,2006,https://cf.geekdo-images.com/fJvmkVWht2tVbfGs90CJOQ__original/img/uApWJiDoVbnACmZkbRbSUPWAgt4=/0x0/filters:format(jpeg)/pic2404184.jpg,legacy_unknown,,
d0d6ec45-3405-4a00-861b-4234e2d49a28,Witch of Salem,2008,https://cf.geekdo-images.com/B6QAQ6-Ft3c6HDnTzvhEBw__original/img/hfHJaiIMvWzOBDeOmdix21t7tdc=/0x0/filters:format(jpeg)/pic564525.jpg,legacy_unknown,,
32dc01d4-4827-4974-8f86-d0e5151b4563,The Very Clever Pipe Game,1996,https://cf.geekdo-images.com/C1FSN7UB4z_DsFZP3ORO4A__original/img/K-Hlj4bPjW1tdlg-yeKJLLLAe7o=/0x0/filters:format(jpeg)/pic5654.jpg,legacy_unknown,,
96aa1d75-e59b-4824-8975-e7e02ddb11c9,Olympia 2000 (v. Chr.),1994,https://cf.geekdo-images.com/rw3mlhpyPiX8edZwbg8p4g__original/img/CzPRBk9Xx-UI_pHlJk7o8UYSYS0=/0x0/filters:format(jpeg)/pic1118996.jpg,legacy_unknown,,
558f969c-f563-4c52-b442-c98e72d9a463,Medieval Merchant,1998,https://cf.geekdo-images.com/km0MC8jtvz6nPThWqiEGbw__original/img/8rNBESTXI8_GeSBs1V3lxjy4x8M=/0x0/filters:format(jpeg)/pic150859.jpg,legacy_unknown,,
69bf49b0-c584-42cc-b1fa-9f97363bb623,Quick Cups,2013,https://cf.geekdo-images.com/v2arPeSKVsJ4VPGjeVcBbg__original/img/3lCEU6_J3WIZ7LfZf-Tl6wkIWbY=/0x0/filters:format(png)/pic6486581.png,legacy_unknown,,
a8c6027a-e942-426a-a273-e147639fcb26,American Tank Ace: 1944-1945,2022,https://cf.geekdo-images.com/W13sVyFofJGHKXKHNnlqkg__original/img/ZfTEeMPn6h15pKOYYKvJyHt3rqk=/0x0/filters:format(jpeg)/pic6077858.jpg,legacy_unknown,,
1a144428-0df3-4e3e-93fa-e488ea912b82,The Mole in the Hole,1995,https://cf.geekdo-images.com/Euh04jnKwlMUCxwRil6vcQ__original/img/S9Bn8WyG-HSDX_Z8x5l8aoWfxT4=/0x0/filters:format(jpeg)/pic187440.jpg,legacy_unknown,,
6738c583-d516-42ee-9f4b-acc1eed5cbb5,Coin Age,2013,https://cf.geekdo-images.com/rCR5XJz7mVwzepAWw78Bfw__original/img/ZVclqqJWxNzeZzYOucKcJ0OOm4s=/0x0/filters:format(png)/pic1753319.png,legacy_unknown,,
ce633275-0b16-430b-90bd-9c6de1ee3505,Curli Kuller,2008,https://cf.geekdo-images.com/iQdpGaz46t3ngXIb12XF9Q__original/img/SsXePvQY-AbIW6JAGnzcnKeo3RU=/0x0/filters:format(jpeg)/pic4318788.jpg,legacy_unknown,,
d876c6ad-dde6-489a-aebe-acb7eccedf27,Tash-Kalar: Arena of Legends,2013,https://cf.geekdo-images.com/woifEuhjEe-0VPKtPcwaIw__original/img/EisNAxSKPu0TQOv0KKiPBGdetQ8=/0x0/filters:format(jpeg)/pic1875045.jpg,legacy_unknown,,
